id,original_query,rewritten_query,original_costs,rewrite_costs,costs_reduction_rate,time_cost,llm_costs
1,"select l_returnflag, l_linestatus, sum(l_quantity) as sum_qty, sum(l_extendedprice) as sum_base_price, sum(l_extendedprice * (1 - l_discount)) as sum_disc_price, sum(l_extendedprice * (1 - l_discount) * (1 + l_tax)) as sum_charge, avg(l_quantity) as avg_qty, avg(l_extendedprice) as avg_price, avg(l_discount) as avg_disc, count(*) as count_order from lineitem where l_shipdate <= date '1998-12-01' - interval '93' day group by l_returnflag, l_linestatus order by l_returnflag, l_linestatus;","select l_returnflag, l_linestatus, sum(l_quantity) as sum_qty, sum(l_extendedprice) as sum_base_price, sum(disc_price) as sum_disc_price, sum(disc_price * (1 + l_tax)) as sum_charge, avg(l_quantity) as avg_qty, avg(l_extendedprice) as avg_price, avg(l_discount) as avg_disc, count(*) as count_order from ( select l_returnflag, l_linestatus, l_quantity, l_extendedprice, l_discount, l_tax, l_extendedprice * (1 - l_discount) as disc_price from lineitem where l_shipdate <= date '1998-08-30' ) as base group by l_returnflag, l_linestatus order by l_returnflag, l_linestatus;",,,,155.16459918022156,0.5571347
2,"select l_returnflag, l_linestatus, sum(l_quantity) as sum_qty, sum(l_extendedprice) as sum_base_price, sum(l_extendedprice * (1 - l_discount)) as sum_disc_price, sum(l_extendedprice * (1 - l_discount) * (1 + l_tax)) as sum_charge, avg(l_quantity) as avg_qty, avg(l_extendedprice) as avg_price, avg(l_discount) as avg_disc, count(*) as count_order from lineitem where l_shipdate <= date '1998-12-01' - interval '67' day group by l_returnflag, l_linestatus order by l_returnflag, l_linestatus;","select l_returnflag, l_linestatus, sum(l_quantity) as sum_qty, sum(l_extendedprice) as sum_base_price, sum(l_extendedprice * (1 - l_discount)) as sum_disc_price, sum(l_extendedprice * (1 - l_discount) * (1 + l_tax)) as sum_charge, avg(l_quantity) as avg_qty, avg(l_extendedprice) as avg_price, avg(l_discount) as avg_disc, count(*) as count_order from lineitem where l_shipdate <= date '1998-09-25' group by l_returnflag, l_linestatus order by l_returnflag, l_linestatus;",,,,107.7124617099762,0.43104325
3,"select l_returnflag, l_linestatus, sum(l_quantity) as sum_qty, sum(l_extendedprice) as sum_base_price, sum(l_extendedprice * (1 - l_discount)) as sum_disc_price, sum(l_extendedprice * (1 - l_discount) * (1 + l_tax)) as sum_charge, avg(l_quantity) as avg_qty, avg(l_extendedprice) as avg_price, avg(l_discount) as avg_disc, count(*) as count_order from lineitem where l_shipdate <= date '1998-12-01' - interval '91' day group by l_returnflag, l_linestatus order by l_returnflag, l_linestatus;","select l_returnflag, l_linestatus, sum(l_quantity) as sum_qty, sum(l_extendedprice) as sum_base_price, sum(l_extendedprice * (1 - l_discount)) as sum_disc_price, sum(l_extendedprice * (1 - l_discount) * (1 + l_tax)) as sum_charge, avg(l_quantity) as avg_qty, avg(l_extendedprice) as avg_price, avg(l_discount) as avg_disc, count(*) as count_order from lineitem where l_shipdate <= date '1998-09-01' group by l_returnflag, l_linestatus order by l_returnflag, l_linestatus;",,,,79.09209299087524,0.37939944999999997
4,"select s_acctbal, s_name, n_name, p_partkey, p_mfgr, s_address, s_phone, s_comment from part, supplier, partsupp, nation, region where p_partkey = ps_partkey and s_suppkey = ps_suppkey and p_size = 6 and p_type like '%NICKEL' and s_nationkey = n_nationkey and n_regionkey = r_regionkey and r_name = 'EUROPE' and ps_supplycost = ( select min(ps_supplycost) from partsupp, supplier, nation, region where p_partkey = ps_partkey and s_suppkey = ps_suppkey and s_nationkey = n_nationkey and n_regionkey = r_regionkey and r_name = 'EUROPE' ) order by s_acctbal desc, n_name, s_name, p_partkey limit 100;","WITH filtered_parts AS ( SELECT p_partkey, p_mfgr FROM part WHERE p_size = 6 AND p_type LIKE '%NICKEL' ), europe_min_costs AS ( SELECT ps_partkey, MIN(ps_supplycost) AS min_supplycost FROM partsupp JOIN supplier ON supplier.s_suppkey = partsupp.ps_suppkey JOIN nation ON nation.n_nationkey = supplier.s_nationkey JOIN region ON region.r_regionkey = nation.n_regionkey JOIN filtered_parts ON filtered_parts.p_partkey = ps_partkey WHERE region.r_name = 'EUROPE' GROUP BY ps_partkey ) SELECT s_acctbal, s_name, n_name, p.p_partkey, p.p_mfgr, s_address, s_phone, s_comment FROM filtered_parts p JOIN partsupp ps ON p.p_partkey = ps.ps_partkey JOIN supplier s ON s.s_suppkey = ps.ps_suppkey JOIN nation n ON n.n_nationkey = s.s_nationkey JOIN region r ON r.r_regionkey = n.n_regionkey JOIN europe_min_costs emc ON p.p_partkey = emc.ps_partkey AND ps.ps_supplycost = emc.min_supplycost WHERE r.r_name = 'EUROPE' ORDER BY s_acctbal DESC, n_name, s_name, p.p_partkey LIMIT 100;",,,,131.77588295936584,0.8746718500000001
5,"select s_acctbal, s_name, n_name, p_partkey, p_mfgr, s_address, s_phone, s_comment from part, supplier, partsupp, nation, region where p_partkey = ps_partkey and s_suppkey = ps_suppkey and p_size = 46 and p_type like '%NICKEL' and s_nationkey = n_nationkey and n_regionkey = r_regionkey and r_name = 'ASIA' and ps_supplycost = ( select min(ps_supplycost) from partsupp, supplier, nation, region where p_partkey = ps_partkey and s_suppkey = ps_suppkey and s_nationkey = n_nationkey and n_regionkey = r_regionkey and r_name = 'ASIA' ) order by s_acctbal desc, n_name, s_name, p_partkey limit 100;","WITH filtered_parts AS ( SELECT p_partkey, p_mfgr, p_type, p_size FROM part WHERE p_size = 46 AND p_type LIKE '%NICKEL' ), min_supply_costs AS ( SELECT fp.p_partkey, MIN(ps_supplycost) AS min_cost FROM filtered_parts fp JOIN partsupp ON fp.p_partkey = ps_partkey JOIN supplier ON s_suppkey = ps_suppkey JOIN nation ON s_nationkey = n_nationkey JOIN region ON n_regionkey = r_regionkey WHERE r_name = 'ASIA' GROUP BY fp.p_partkey ) SELECT s_acctbal, s_name, n_name, fp.p_partkey, fp.p_mfgr, s_address, s_phone, s_comment FROM filtered_parts fp JOIN partsupp ON fp.p_partkey = ps_partkey JOIN supplier ON s_suppkey = ps_suppkey JOIN nation ON s_nationkey = n_nationkey JOIN region ON n_regionkey = r_regionkey JOIN min_supply_costs msc ON fp.p_partkey = msc.p_partkey WHERE r_name = 'ASIA' AND ps_supplycost = msc.min_cost ORDER BY s_acctbal DESC, n_name, s_name, fp.p_partkey LIMIT 100;",,,,165.23831415176392,0.9519681000000001
6,"select s_acctbal, s_name, n_name, p_partkey, p_mfgr, s_address, s_phone, s_comment from part, supplier, partsupp, nation, region where p_partkey = ps_partkey and s_suppkey = ps_suppkey and p_size = 3 and p_type like '%NICKEL' and s_nationkey = n_nationkey and n_regionkey = r_regionkey and r_name = 'AMERICA' and ps_supplycost = ( select min(ps_supplycost) from partsupp, supplier, nation, region where p_partkey = ps_partkey and s_suppkey = ps_suppkey and s_nationkey = n_nationkey and n_regionkey = r_regionkey and r_name = 'AMERICA' ) order by s_acctbal desc, n_name, s_name, p_partkey limit 100;","WITH filtered_part AS ( SELECT p_partkey, p_mfgr FROM part WHERE p_size = 3 AND p_type LIKE '%NICKEL' ), min_supply_cost AS ( SELECT partsupp.ps_partkey, MIN(partsupp.ps_supplycost) AS min_cost FROM partsupp JOIN filtered_part ON partsupp.ps_partkey = filtered_part.p_partkey JOIN supplier ON supplier.s_suppkey = partsupp.ps_suppkey JOIN nation ON supplier.s_nationkey = nation.n_nationkey JOIN region ON nation.n_regionkey = region.r_regionkey WHERE region.r_name = 'AMERICA' GROUP BY partsupp.ps_partkey ) SELECT s_acctbal, s_name, n_name, fp.p_partkey, fp.p_mfgr, s_address, s_phone, s_comment FROM filtered_part fp JOIN partsupp ON fp.p_partkey = partsupp.ps_partkey JOIN supplier ON supplier.s_suppkey = partsupp.ps_suppkey JOIN nation ON supplier.s_nationkey = nation.n_nationkey JOIN region ON nation.n_regionkey = region.r_regionkey JOIN min_supply_cost msc ON fp.p_partkey = msc.ps_partkey AND partsupp.ps_supplycost = msc.min_cost WHERE region.r_name = 'AMERICA' ORDER BY s_acctbal DESC, n_name, s_name, fp.p_partkey LIMIT 100;",,,,240.91315841674805,1.1999612000000002
7,"select l_orderkey, sum(l_extendedprice * (1 - l_discount)) as revenue, o_orderdate, o_shippriority from customer, orders, lineitem where c_mktsegment = 'MACHINERY' and c_custkey = o_custkey and l_orderkey = o_orderkey and o_orderdate < date '1995-03-20' and l_shipdate > date '1995-03-20' group by l_orderkey, o_orderdate, o_shippriority order by revenue desc, o_orderdate limit 10;","WITH filtered_customers AS ( SELECT c_custkey FROM customer WHERE c_mktsegment = 'MACHINERY' ), filtered_orders AS ( SELECT o_orderkey, o_custkey, o_orderdate, o_shippriority FROM orders WHERE o_orderdate < DATE '1995-03-20' ), customer_orders AS ( SELECT o_orderkey, o_orderdate, o_shippriority FROM filtered_orders o JOIN filtered_customers c ON o.o_custkey = c.c_custkey ) SELECT l.l_orderkey, SUM(l.l_extendedprice * (1 - l.l_discount)) AS revenue, co.o_orderdate, co.o_shippriority FROM lineitem l JOIN customer_orders co ON l.l_orderkey = co.o_orderkey WHERE l.l_shipdate > DATE '1995-03-20' GROUP BY l.l_orderkey, co.o_orderdate, co.o_shippriority ORDER BY revenue DESC, co.o_orderdate LIMIT 10;",,,,85.18809795379639,0.45058869999999995
8,"select l_orderkey, sum(l_extendedprice * (1 - l_discount)) as revenue, o_orderdate, o_shippriority from customer, orders, lineitem where c_mktsegment = 'MACHINERY' and c_custkey = o_custkey and l_orderkey = o_orderkey and o_orderdate < date '1995-03-14' and l_shipdate > date '1995-03-14' group by l_orderkey, o_orderdate, o_shippriority order by revenue desc, o_orderdate limit 10;","SELECT l.l_orderkey, SUM(l.l_extendedprice * (1 - l.l_discount)) AS revenue, o.o_orderdate, o.o_shippriority FROM customer c JOIN orders o ON c.c_custkey = o.o_custkey JOIN lineitem l ON o.o_orderkey = l.l_orderkey WHERE c.c_mktsegment = 'MACHINERY' AND o.o_orderdate < DATE '1995-03-14' AND l.l_shipdate > DATE '1995-03-14' GROUP BY l.l_orderkey, o.o_orderdate, o.o_shippriority ORDER BY revenue DESC, o.o_orderdate LIMIT 10;",,,,71.04003167152405,0.39163814999999996
9,"select l_orderkey, sum(l_extendedprice * (1 - l_discount)) as revenue, o_orderdate, o_shippriority from customer, orders, lineitem where c_mktsegment = 'BUILDING' and c_custkey = o_custkey and l_orderkey = o_orderkey and o_orderdate < date '1995-03-08' and l_shipdate > date '1995-03-08' group by l_orderkey, o_orderdate, o_shippriority order by revenue desc, o_orderdate limit 10;","SELECT l_orderkey, rev.revenue, o.o_orderdate, o.o_shippriority FROM customer c JOIN orders o ON c.c_custkey = o.o_custkey JOIN ( SELECT l_orderkey, SUM(l_extendedprice * (1 - l_discount)) AS revenue FROM lineitem WHERE l_shipdate > DATE '1995-03-08' GROUP BY l_orderkey ) rev ON rev.l_orderkey = o.o_orderkey WHERE c.c_mktsegment = 'BUILDING' AND o.o_orderdate < DATE '1995-03-08' ORDER BY revenue DESC, o.o_orderdate LIMIT 10;",,,,255.458393573761,0.7442836
10,"select o_orderpriority, count(*) as order_count from orders where o_orderdate >= date '1996-01-01' and o_orderdate < date '1996-01-01' + interval '3' month and exists ( select * from lineitem where l_orderkey = o_orderkey and l_commitdate < l_receiptdate ) group by o_orderpriority order by o_orderpriority;","SELECT o_orderpriority, COUNT(*) AS order_count FROM orders JOIN ( SELECT l_orderkey FROM lineitem WHERE l_commitdate < l_receiptdate GROUP BY l_orderkey ) AS bad_lineitems ON orders.o_orderkey = bad_lineitems.l_orderkey WHERE o_orderdate >= DATE '1996-01-01' AND o_orderdate < DATE '1996-01-01' + INTERVAL '3' MONTH GROUP BY o_orderpriority ORDER BY o_orderpriority;",,,,130.79382514953613,0.568226
11,"select o_orderpriority, count(*) as order_count from orders where o_orderdate >= date '1995-01-01' and o_orderdate < date '1995-01-01' + interval '3' month and exists ( select * from lineitem where l_orderkey = o_orderkey and l_commitdate < l_receiptdate ) group by o_orderpriority order by o_orderpriority;","select o_orderpriority, count(*) as order_count from orders where o_orderdate >= date '1995-01-01' and o_orderdate < date '1995-04-01' and exists ( select 1 from lineitem where l_orderkey = o_orderkey and l_commitdate < l_receiptdate ) group by o_orderpriority order by o_orderpriority;",,,,52.01924705505371,0.31596900000000006
12,"select o_orderpriority, count(*) as order_count from orders where o_orderdate >= date '1994-02-01' and o_orderdate < date '1994-02-01' + interval '3' month and exists ( select * from lineitem where l_orderkey = o_orderkey and l_commitdate < l_receiptdate ) group by o_orderpriority order by o_orderpriority;","select o_orderpriority, count(*) as order_count from orders where o_orderdate >= date '1994-02-01' and o_orderdate < date '1994-05-01' and exists ( select 1 from lineitem where l_orderkey = o_orderkey and l_commitdate < l_receiptdate ) group by o_orderpriority order by o_orderpriority;",,,,114.44231820106506,0.48179
13,"select n_name, sum(l_extendedprice * (1 - l_discount)) as revenue from customer, orders, lineitem, supplier, nation, region where c_custkey = o_custkey and l_orderkey = o_orderkey and l_suppkey = s_suppkey and c_nationkey = s_nationkey and s_nationkey = n_nationkey and n_regionkey = r_regionkey and r_name = 'AMERICA' and o_orderdate >= date '1993-01-01' and o_orderdate < date '1993-01-01' + interval '1' year group by n_name order by revenue desc;","WITH american_nations AS ( SELECT n_nationkey, n_name FROM nation JOIN region ON n_regionkey = r_regionkey WHERE r_name = 'AMERICA' ), filtered_orders AS ( SELECT o_orderkey, o_custkey FROM orders WHERE o_orderdate >= DATE '1993-01-01' AND o_orderdate < DATE '1994-01-01' ) SELECT n_name, SUM(l_extendedprice * (1 - l_discount)) AS revenue FROM filtered_orders JOIN customer ON o_custkey = c_custkey JOIN lineitem ON filtered_orders.o_orderkey = l_orderkey JOIN supplier ON l_suppkey = s_suppkey JOIN american_nations ON s_nationkey = n_nationkey WHERE c_nationkey = s_nationkey GROUP BY n_name ORDER BY revenue DESC",,,,155.39905977249146,0.646432
14,"select n_name, sum(l_extendedprice * (1 - l_discount)) as revenue from customer, orders, lineitem, supplier, nation, region where c_custkey = o_custkey and l_orderkey = o_orderkey and l_suppkey = s_suppkey and c_nationkey = s_nationkey and s_nationkey = n_nationkey and n_regionkey = r_regionkey and r_name = 'AMERICA' and o_orderdate >= date '1995-01-01' and o_orderdate < date '1995-01-01' + interval '1' year group by n_name order by revenue desc;","WITH america_nations AS ( SELECT n_nationkey, n_name FROM nation JOIN region ON n_regionkey = r_regionkey WHERE r_name = 'AMERICA' ), filtered_orders AS ( SELECT o_orderkey, o_custkey FROM orders WHERE o_orderdate >= date '1995-01-01' AND o_orderdate < date '1996-01-01' ) SELECT an.n_name, SUM(l_extendedprice * (1 - l_discount)) as revenue FROM filtered_orders o JOIN customer c ON c.c_custkey = o.o_custkey JOIN lineitem l ON l.l_orderkey = o.o_orderkey JOIN supplier s ON l.l_suppkey = s.s_suppkey JOIN america_nations an ON s.s_nationkey = an.n_nationkey GROUP BY an.n_name ORDER BY revenue DESC",,,,100.42325353622437,0.60762
15,"select n_name, sum(l_extendedprice * (1 - l_discount)) as revenue from customer, orders, lineitem, supplier, nation, region where c_custkey = o_custkey and l_orderkey = o_orderkey and l_suppkey = s_suppkey and c_nationkey = s_nationkey and s_nationkey = n_nationkey and n_regionkey = r_regionkey and r_name = 'EUROPE' and o_orderdate >= date '1995-01-01' and o_orderdate < date '1995-01-01' + interval '1' year group by n_name order by revenue desc;","WITH european_nations AS ( SELECT n_nationkey, n_name FROM nation JOIN region ON n_regionkey = r_regionkey WHERE r_name = 'EUROPE' ), filtered_orders AS ( SELECT o_orderkey, o_custkey FROM orders WHERE o_orderdate >= DATE '1995-01-01' AND o_orderdate < DATE '1995-01-01' + INTERVAL '1' YEAR ) SELECT n.n_name, SUM(l_extendedprice * (1 - l_discount)) AS revenue FROM filtered_orders o JOIN customer c ON o.o_custkey = c.c_custkey JOIN lineitem l ON o.o_orderkey = l.l_orderkey JOIN supplier s ON l.l_suppkey = s.s_suppkey AND c.c_nationkey = s.s_nationkey JOIN european_nations n ON s.s_nationkey = n.n_nationkey GROUP BY n.n_name ORDER BY revenue DESC;",,,,209.87891125679016,0.8951469999999999
16,select sum(l_extendedprice * l_discount) as revenue from lineitem where l_shipdate >= date '1993-01-01' and l_shipdate < date '1993-01-01' + interval '1' year and l_discount between 0.03 - 0.01 and 0.03 + 0.01 and l_quantity < 24;,select sum(l_extendedprice * l_discount) as revenue from lineitem where l_shipdate >= date '1993-01-01' and l_shipdate < date '1994-01-01' and l_discount between 0.02 and 0.04 and l_quantity < 24;,,,,61.199519634246826,0.312541
17,select sum(l_extendedprice * l_discount) as revenue from lineitem where l_shipdate >= date '1995-01-01' and l_shipdate < date '1995-01-01' + interval '1' year and l_discount between 0.03 - 0.01 and 0.03 + 0.01 and l_quantity < 24;,select sum(l_extendedprice * l_discount) as revenue from lineitem where l_shipdate >= date '1995-01-01' and l_shipdate < date '1996-01-01' and l_discount between 0.02 and 0.04 and l_quantity < 24;,,,,50.14446663856506,0.305406
18,select sum(l_extendedprice * l_discount) as revenue from lineitem where l_shipdate >= date '1995-01-01' and l_shipdate < date '1995-01-01' + interval '1' year and l_discount between 0.09 - 0.01 and 0.09 + 0.01 and l_quantity < 24;,select sum(l_extendedprice * l_discount) as revenue from lineitem where l_shipdate >= date '1995-01-01' and l_shipdate < date '1996-01-01' and l_discount between 0.08 and 0.10 and l_quantity < 24;,,,,88.21193432807922,0.35724600000000006
19,"select supp_nation, cust_nation, l_year, sum(volume) as revenue from ( select n1.n_name as supp_nation, n2.n_name as cust_nation, extract(year from l_shipdate) as l_year, l_extendedprice * (1 - l_discount) as volume from supplier, lineitem, orders, customer, nation n1, nation n2 where s_suppkey = l_suppkey and o_orderkey = l_orderkey and c_custkey = o_custkey and s_nationkey = n1.n_nationkey and c_nationkey = n2.n_nationkey and ( (n1.n_name = 'CANADA' and n2.n_name = 'CHINA') or (n1.n_name = 'CHINA' and n2.n_name = 'CANADA') ) and l_shipdate between date '1995-01-01' and date '1996-12-31' ) as shipping group by supp_nation, cust_nation, l_year order by supp_nation, cust_nation, l_year;","WITH supplier_nations AS ( SELECT s_suppkey, n_name AS supp_nation FROM supplier JOIN nation ON s_nationkey = n_nationkey WHERE n_name IN ('CANADA', 'CHINA') ), customer_nations AS ( SELECT c_custkey, n_name AS cust_nation FROM customer JOIN nation ON c_nationkey = n_nationkey WHERE n_name IN ('CANADA', 'CHINA') ) SELECT supp_nation, cust_nation, EXTRACT(YEAR FROM l_shipdate) AS l_year, SUM(l_extendedprice * (1 - l_discount)) AS revenue FROM lineitem JOIN supplier_nations ON supplier_nations.s_suppkey = l_suppkey JOIN orders ON o_orderkey = l_orderkey JOIN customer_nations ON customer_nations.c_custkey = o_custkey WHERE ((supp_nation = 'CANADA' AND cust_nation = 'CHINA') OR (supp_nation = 'CHINA' AND cust_nation = 'CANADA')) AND l_shipdate BETWEEN DATE '1995-01-01' AND DATE '1996-12-31' GROUP BY supp_nation, cust_nation, EXTRACT(YEAR FROM l_shipdate) ORDER BY supp_nation, cust_nation, l_year;",,,,91.80037784576416,0.5656599999999999
20,"select supp_nation, cust_nation, l_year, sum(volume) as revenue from ( select n1.n_name as supp_nation, n2.n_name as cust_nation, extract(year from l_shipdate) as l_year, l_extendedprice * (1 - l_discount) as volume from supplier, lineitem, orders, customer, nation n1, nation n2 where s_suppkey = l_suppkey and o_orderkey = l_orderkey and c_custkey = o_custkey and s_nationkey = n1.n_nationkey and c_nationkey = n2.n_nationkey and ( (n1.n_name = 'ETHIOPIA' and n2.n_name = 'FRANCE') or (n1.n_name = 'FRANCE' and n2.n_name = 'ETHIOPIA') ) and l_shipdate between date '1995-01-01' and date '1996-12-31' ) as shipping group by supp_nation, cust_nation, l_year order by supp_nation, cust_nation, l_year;","select supp_nation, cust_nation, l_year, sum(volume) as revenue from ( select n1.n_name as supp_nation, n2.n_name as cust_nation, extract(year from l_shipdate) as l_year, l_extendedprice * (1 - l_discount) as volume from supplier join nation n1 on supplier.s_nationkey = n1.n_nationkey join lineitem on supplier.s_suppkey = lineitem.l_suppkey join orders on lineitem.l_orderkey = orders.o_orderkey join customer on orders.o_custkey = customer.c_custkey join nation n2 on customer.c_nationkey = n2.n_nationkey where n1.n_name = 'ETHIOPIA' and n2.n_name = 'FRANCE' and l_shipdate between date '1995-01-01' and date '1996-12-31' union all select n1.n_name as supp_nation, n2.n_name as cust_nation, extract(year from l_shipdate) as l_year, l_extendedprice * (1 - l_discount) as volume from supplier join nation n1 on supplier.s_nationkey = n1.n_nationkey join lineitem on supplier.s_suppkey = lineitem.l_suppkey join orders on lineitem.l_orderkey = orders.o_orderkey join customer on orders.o_custkey = customer.c_custkey join nation n2 on customer.c_nationkey = n2.n_nationkey where n1.n_name = 'FRANCE' and n2.n_name = 'ETHIOPIA' and l_shipdate between date '1995-01-01' and date '1996-12-31' ) as shipping group by supp_nation, cust_nation, l_year order by supp_nation, cust_nation, l_year;",,,,159.08419275283813,0.9506830000000001
21,"select supp_nation, cust_nation, l_year, sum(volume) as revenue from ( select n1.n_name as supp_nation, n2.n_name as cust_nation, extract(year from l_shipdate) as l_year, l_extendedprice * (1 - l_discount) as volume from supplier, lineitem, orders, customer, nation n1, nation n2 where s_suppkey = l_suppkey and o_orderkey = l_orderkey and c_custkey = o_custkey and s_nationkey = n1.n_nationkey and c_nationkey = n2.n_nationkey and ( (n1.n_name = 'UNITED STATES' and n2.n_name = 'ALGERIA') or (n1.n_name = 'ALGERIA' and n2.n_name = 'UNITED STATES') ) and l_shipdate between date '1995-01-01' and date '1996-12-31' ) as shipping group by supp_nation, cust_nation, l_year order by supp_nation, cust_nation, l_year;","SELECT n1.n_name AS supp_nation, n2.n_name AS cust_nation, EXTRACT(YEAR FROM l_shipdate) AS l_year, SUM(l_extendedprice * (1 - l_discount)) AS revenue FROM lineitem JOIN supplier ON s_suppkey = l_suppkey JOIN orders ON o_orderkey = l_orderkey JOIN customer ON c_custkey = o_custkey JOIN nation n1 ON s_nationkey = n1.n_nationkey AND n1.n_name IN ('UNITED STATES', 'ALGERIA') JOIN nation n2 ON c_nationkey = n2.n_nationkey AND n2.n_name IN ('UNITED STATES', 'ALGERIA') WHERE l_shipdate BETWEEN DATE '1995-01-01' AND DATE '1996-12-31' AND ((n1.n_name = 'UNITED STATES' AND n2.n_name = 'ALGERIA') OR (n1.n_name = 'ALGERIA' AND n2.n_name = 'UNITED STATES')) GROUP BY supp_nation, cust_nation, l_year ORDER BY supp_nation, cust_nation, l_year;",,,,86.22518801689148,0.655374
22,"select o_year, sum(case when nation = 'CANADA' then volume else 0 end) / sum(volume) as mkt_share from ( select extract(year from o_orderdate) as o_year, l_extendedprice * (1 - l_discount) as volume, n2.n_name as nation from part, supplier, lineitem, orders, customer, nation n1, nation n2, region where p_partkey = l_partkey and s_suppkey = l_suppkey and l_orderkey = o_orderkey and o_custkey = c_custkey and c_nationkey = n1.n_nationkey and n1.n_regionkey = r_regionkey and r_name = 'AMERICA' and s_nationkey = n2.n_nationkey and o_orderdate between date '1995-01-01' and date '1996-12-31' and p_type = 'ECONOMY PLATED STEEL' ) as all_nations group by o_year order by o_year;","WITH america_region AS ( SELECT r_regionkey FROM region WHERE r_name = 'AMERICA' ), america_nations AS ( SELECT n_nationkey, n_name FROM nation n1 JOIN america_region ON n1.n_regionkey = america_region.r_regionkey ), filtered_parts AS ( SELECT p_partkey FROM part WHERE p_type = 'ECONOMY PLATED STEEL' ), filtered_orders AS ( SELECT o_orderkey, o_custkey, EXTRACT(year FROM o_orderdate) AS o_year FROM orders WHERE o_orderdate BETWEEN DATE '1995-01-01' AND DATE '1996-12-31' ) SELECT o_year, SUM(CASE WHEN n2.n_name = 'CANADA' THEN l.l_extendedprice * (1 - l.l_discount) ELSE 0 END) / SUM(l.l_extendedprice * (1 - l.l_discount)) AS mkt_share FROM filtered_parts fp JOIN lineitem l ON fp.p_partkey = l.l_partkey JOIN supplier s ON s.s_suppkey = l.l_suppkey JOIN nation n2 ON s.s_nationkey = n2.n_nationkey JOIN filtered_orders fo ON l.l_orderkey = fo.o_orderkey JOIN customer c ON fo.o_custkey = c.c_custkey JOIN america_nations an ON c.c_nationkey = an.n_nationkey GROUP BY o_year ORDER BY o_year;",,,,104.56620621681213,0.684762
23,"select o_year, sum(case when nation = 'FRANCE' then volume else 0 end) / sum(volume) as mkt_share from ( select extract(year from o_orderdate) as o_year, l_extendedprice * (1 - l_discount) as volume, n2.n_name as nation from part, supplier, lineitem, orders, customer, nation n1, nation n2, region where p_partkey = l_partkey and s_suppkey = l_suppkey and l_orderkey = o_orderkey and o_custkey = c_custkey and c_nationkey = n1.n_nationkey and n1.n_regionkey = r_regionkey and r_name = 'EUROPE' and s_nationkey = n2.n_nationkey and o_orderdate between date '1995-01-01' and date '1996-12-31' and p_type = 'SMALL ANODIZED TIN' ) as all_nations group by o_year order by o_year;","SELECT EXTRACT(YEAR FROM o_orderdate) AS o_year, SUM(CASE WHEN n2.n_name = 'FRANCE' THEN l_extendedprice * (1 - l_discount) ELSE 0 END) / SUM(l_extendedprice * (1 - l_discount)) AS mkt_share FROM region JOIN nation n1 ON n1.n_regionkey = region.r_regionkey JOIN customer ON customer.c_nationkey = n1.n_nationkey JOIN orders ON orders.o_custkey = customer.c_custkey JOIN lineitem ON lineitem.l_orderkey = orders.o_orderkey JOIN part ON part.p_partkey = lineitem.l_partkey JOIN supplier ON supplier.s_suppkey = lineitem.l_suppkey JOIN nation n2 ON supplier.s_nationkey = n2.n_nationkey WHERE region.r_name = 'EUROPE' AND part.p_type = 'SMALL ANODIZED TIN' AND orders.o_orderdate BETWEEN DATE '1995-01-01' AND DATE '1996-12-31' GROUP BY o_year ORDER BY o_year;",,,,95.87568974494934,0.5122070000000001
24,"select o_year, sum(case when nation = 'ALGERIA' then volume else 0 end) / sum(volume) as mkt_share from ( select extract(year from o_orderdate) as o_year, l_extendedprice * (1 - l_discount) as volume, n2.n_name as nation from part, supplier, lineitem, orders, customer, nation n1, nation n2, region where p_partkey = l_partkey and s_suppkey = l_suppkey and l_orderkey = o_orderkey and o_custkey = c_custkey and c_nationkey = n1.n_nationkey and n1.n_regionkey = r_regionkey and r_name = 'AFRICA' and s_nationkey = n2.n_nationkey and o_orderdate between date '1995-01-01' and date '1996-12-31' and p_type = 'LARGE BURNISHED TIN' ) as all_nations group by o_year order by o_year;","WITH african_customers AS ( SELECT c_custkey FROM customer JOIN nation n1 ON c_nationkey = n1.n_nationkey JOIN region ON n1.n_regionkey = r_regionkey WHERE r_name = 'AFRICA' ), filtered_orders AS ( SELECT o_orderkey, o_custkey, EXTRACT(year FROM o_orderdate) AS o_year FROM orders WHERE o_orderdate BETWEEN DATE '1995-01-01' AND DATE '1996-12-31' ), filtered_lineitems AS ( SELECT l_orderkey, l_extendedprice * (1 - l_discount) AS volume, s_nationkey FROM part JOIN lineitem ON p_partkey = l_partkey JOIN supplier ON s_suppkey = l_suppkey WHERE p_type = 'LARGE BURNISHED TIN' ), supplier_nations AS ( SELECT s_nationkey, n_name AS nation FROM supplier JOIN nation ON s_nationkey = n_nationkey ) SELECT o_year, SUM(CASE WHEN nation = 'ALGERIA' THEN volume ELSE 0 END) / SUM(volume) AS mkt_share FROM filtered_lineitems fl JOIN filtered_orders fo ON fl.l_orderkey = fo.o_orderkey JOIN african_customers ac ON fo.o_custkey = ac.c_custkey JOIN supplier_nations sn ON fl.s_nationkey = sn.s_nationkey GROUP BY o_year ORDER BY o_year;",,,,138.2276713848114,0.7829100000000001
25,"select nation, o_year, sum(amount) as sum_profit from ( select n_name as nation, extract(year from o_orderdate) as o_year, l_extendedprice * (1 - l_discount) - ps_supplycost * l_quantity as amount from part, supplier, lineitem, partsupp, orders, nation where s_suppkey = l_suppkey and ps_suppkey = l_suppkey and ps_partkey = l_partkey and p_partkey = l_partkey and o_orderkey = l_orderkey and s_nationkey = n_nationkey and p_name like '%red%' ) as profit group by nation, o_year order by nation, o_year desc;","WITH filtered_parts AS ( SELECT p_partkey FROM part WHERE p_name LIKE '%red%' ) SELECT n_name AS nation, EXTRACT(year FROM o_orderdate) AS o_year, SUM(l_extendedprice * (1 - l_discount) - ps_supplycost * l_quantity) AS sum_profit FROM filtered_parts JOIN lineitem ON filtered_parts.p_partkey = l_partkey JOIN partsupp ON ps_suppkey = l_suppkey AND ps_partkey = l_partkey JOIN orders ON o_orderkey = l_orderkey JOIN supplier ON s_suppkey = l_suppkey JOIN nation ON s_nationkey = n_nationkey GROUP BY n_name, EXTRACT(year FROM o_orderdate) ORDER BY n_name, o_year DESC;",,,,94.87191820144653,0.513509
26,"select nation, o_year, sum(amount) as sum_profit from ( select n_name as nation, extract(year from o_orderdate) as o_year, l_extendedprice * (1 - l_discount) - ps_supplycost * l_quantity as amount from part, supplier, lineitem, partsupp, orders, nation where s_suppkey = l_suppkey and ps_suppkey = l_suppkey and ps_partkey = l_partkey and p_partkey = l_partkey and o_orderkey = l_orderkey and s_nationkey = n_nationkey and p_name like '%chocolate%' ) as profit group by nation, o_year order by nation, o_year desc;","SELECT n_name AS nation, EXTRACT(YEAR FROM o_orderdate) AS o_year, SUM(l_extendedprice * (1 - l_discount) - ps_supplycost * l_quantity) AS sum_profit FROM part JOIN lineitem ON part.p_partkey = lineitem.l_partkey JOIN partsupp ON lineitem.l_partkey = partsupp.ps_partkey AND lineitem.l_suppkey = partsupp.ps_suppkey JOIN supplier ON lineitem.l_suppkey = supplier.s_suppkey JOIN orders ON lineitem.l_orderkey = orders.o_orderkey JOIN nation ON supplier.s_nationkey = nation.n_nationkey WHERE part.p_name LIKE '%chocolate%' GROUP BY n_name, EXTRACT(YEAR FROM o_orderdate) ORDER BY nation, o_year DESC;",,,,115.62145709991455,0.57947
27,"select nation, o_year, sum(amount) as sum_profit from ( select n_name as nation, extract(year from o_orderdate) as o_year, l_extendedprice * (1 - l_discount) - ps_supplycost * l_quantity as amount from part, supplier, lineitem, partsupp, orders, nation where s_suppkey = l_suppkey and ps_suppkey = l_suppkey and ps_partkey = l_partkey and p_partkey = l_partkey and o_orderkey = l_orderkey and s_nationkey = n_nationkey and p_name like '%medium%' ) as profit group by nation, o_year order by nation, o_year desc;","SELECT n_name AS nation, EXTRACT(YEAR FROM o_orderdate) AS o_year, SUM(l_extendedprice * (1 - l_discount) - ps_supplycost * l_quantity) AS sum_profit FROM part JOIN lineitem ON part.p_partkey = lineitem.l_partkey JOIN partsupp ON lineitem.l_partkey = partsupp.ps_partkey AND lineitem.l_suppkey = partsupp.ps_suppkey JOIN orders ON lineitem.l_orderkey = orders.o_orderkey JOIN supplier ON lineitem.l_suppkey = supplier.s_suppkey JOIN nation ON supplier.s_nationkey = nation.n_nationkey WHERE p_name LIKE '%medium%' GROUP BY n_name, EXTRACT(YEAR FROM o_orderdate) ORDER BY n_name, o_year DESC;",,,,150.65416932106018,0.689712
28,"select c_custkey, c_name, sum(l_extendedprice * (1 - l_discount)) as revenue, c_acctbal, n_name, c_address, c_phone, c_comment from customer, orders, lineitem, nation where c_custkey = o_custkey and l_orderkey = o_orderkey and o_orderdate >= date '1994-12-01' and o_orderdate < date '1994-12-01' + interval '3' month and l_returnflag = 'R' and c_nationkey = n_nationkey group by c_custkey, c_name, c_acctbal, c_phone, n_name, c_address, c_comment order by revenue desc limit 20;","select c_custkey, c_name, sum(l_extendedprice * (1 - l_discount)) as revenue, c_acctbal, n_name, c_address, c_phone, c_comment from customer, orders, lineitem, nation where c_custkey = o_custkey and l_orderkey = o_orderkey and o_orderdate >= date '1994-12-01' and o_orderdate < date '1994-12-01' + interval '3' month and l_returnflag = 'R' and c_nationkey = n_nationkey group by c_custkey, c_name, c_acctbal, c_phone, n_name, c_address, c_comment order by revenue desc limit 20;",,,,451.2400748729706,2.251616
29,"select c_custkey, c_name, sum(l_extendedprice * (1 - l_discount)) as revenue, c_acctbal, n_name, c_address, c_phone, c_comment from customer, orders, lineitem, nation where c_custkey = o_custkey and l_orderkey = o_orderkey and o_orderdate >= date '1993-11-01' and o_orderdate < date '1993-11-01' + interval '3' month and l_returnflag = 'R' and c_nationkey = n_nationkey group by c_custkey, c_name, c_acctbal, c_phone, n_name, c_address, c_comment order by revenue desc limit 20;","SELECT c_custkey, c_name, SUM(l_extendedprice * (1 - l_discount)) AS revenue, c_acctbal, n_name, c_address, c_phone, c_comment FROM customer INNER JOIN orders ON customer.c_custkey = orders.o_custkey INNER JOIN lineitem ON orders.o_orderkey = lineitem.l_orderkey INNER JOIN nation ON customer.c_nationkey = nation.n_nationkey WHERE orders.o_orderdate >= date '1993-11-01' AND orders.o_orderdate < date '1994-02-01' AND lineitem.l_returnflag = 'R' GROUP BY c_custkey, c_name, c_acctbal, c_phone, n_name, c_address, c_comment ORDER BY revenue DESC LIMIT 20;",,,,209.48883390426636,0.8132800000000001
30,"select c_custkey, c_name, sum(l_extendedprice * (1 - l_discount)) as revenue, c_acctbal, n_name, c_address, c_phone, c_comment from customer, orders, lineitem, nation where c_custkey = o_custkey and l_orderkey = o_orderkey and o_orderdate >= date '1993-09-01' and o_orderdate < date '1993-09-01' + interval '3' month and l_returnflag = 'R' and c_nationkey = n_nationkey group by c_custkey, c_name, c_acctbal, c_phone, n_name, c_address, c_comment order by revenue desc limit 20;","SELECT c_custkey, c_name, revenue, c_acctbal, n_name, c_address, c_phone, c_comment FROM customer JOIN ( SELECT o_custkey, SUM(l_extendedprice * (1 - l_discount)) AS revenue FROM orders JOIN lineitem ON orders.o_orderkey = lineitem.l_orderkey WHERE orders.o_orderdate >= date '1993-09-01' AND orders.o_orderdate < date '1993-09-01' + interval '3' month AND lineitem.l_returnflag = 'R' GROUP BY orders.o_custkey ) AS cr ON customer.c_custkey = cr.o_custkey JOIN nation ON customer.c_nationkey = nation.n_nationkey ORDER BY revenue DESC LIMIT 20;",,,,243.57237911224365,1.0786470000000001
31,"select ps_partkey, sum(ps_supplycost * ps_availqty) as value from partsupp, supplier, nation where ps_suppkey = s_suppkey and s_nationkey = n_nationkey and n_name = 'ROMANIA' group by ps_partkey having sum(ps_supplycost * ps_availqty) > ( select sum(ps_supplycost * ps_availqty) * 0.0001000000 from partsupp, supplier, nation where ps_suppkey = s_suppkey and s_nationkey = n_nationkey and n_name = 'ROMANIA' ) order by value desc;","WITH romania_suppliers AS ( SELECT s_suppkey FROM supplier JOIN nation ON s_nationkey = n_nationkey WHERE n_name = 'ROMANIA' ), threshold AS ( SELECT sum(ps_supplycost * ps_availqty) * 0.0001000000 as threshold_value FROM partsupp JOIN romania_suppliers ON ps_suppkey = s_suppkey ) SELECT ps_partkey, sum(ps_supplycost * ps_availqty) as value FROM partsupp JOIN romania_suppliers ON ps_suppkey = s_suppkey GROUP BY ps_partkey HAVING sum(ps_supplycost * ps_availqty) > (SELECT threshold_value FROM threshold) ORDER BY value DESC",,,,100.81498003005981,0.48860400000000004
32,"select ps_partkey, sum(ps_supplycost * ps_availqty) as value from partsupp, supplier, nation where ps_suppkey = s_suppkey and s_nationkey = n_nationkey and n_name = 'IRAN' group by ps_partkey having sum(ps_supplycost * ps_availqty) > ( select sum(ps_supplycost * ps_availqty) * 0.0001000000 from partsupp, supplier, nation where ps_suppkey = s_suppkey and s_nationkey = n_nationkey and n_name = 'IRAN' ) order by value desc;","WITH iran_supply AS ( SELECT ps_partkey, ps_supplycost * ps_availqty AS value_item FROM partsupp JOIN supplier ON ps_suppkey = s_suppkey JOIN nation ON s_nationkey = n_nationkey WHERE n_name = 'IRAN' ) SELECT ps_partkey, SUM(value_item) AS value FROM iran_supply GROUP BY ps_partkey HAVING SUM(value_item) > ( SELECT SUM(value_item) * 0.0001000000 FROM iran_supply ) ORDER BY value DESC;",,,,73.42286968231201,0.435468
33,"select ps_partkey, sum(ps_supplycost * ps_availqty) as value from partsupp, supplier, nation where ps_suppkey = s_suppkey and s_nationkey = n_nationkey and n_name = 'JORDAN' group by ps_partkey having sum(ps_supplycost * ps_availqty) > ( select sum(ps_supplycost * ps_availqty) * 0.0001000000 from partsupp, supplier, nation where ps_suppkey = s_suppkey and s_nationkey = n_nationkey and n_name = 'JORDAN' ) order by value desc;","WITH jordan_partsupp AS ( SELECT ps_partkey, ps_supplycost, ps_availqty FROM partsupp JOIN supplier ON ps_suppkey = s_suppkey JOIN nation ON s_nationkey = n_nationkey WHERE n_name = 'JORDAN' ), total_value AS ( SELECT SUM(ps_supplycost * ps_availqty) AS total FROM jordan_partsupp ) SELECT ps_partkey, SUM(ps_supplycost * ps_availqty) AS value FROM jordan_partsupp GROUP BY ps_partkey HAVING SUM(ps_supplycost * ps_availqty) > (SELECT total * 0.0001000000 FROM total_value) ORDER BY value DESC;",,,,82.76020765304565,0.47585000000000005
34,"select l_shipmode, sum(case when o_orderpriority = '1-URGENT' or o_orderpriority = '2-HIGH' then 1 else 0 end) as high_line_count, sum(case when o_orderpriority <> '1-URGENT' and o_orderpriority <> '2-HIGH' then 1 else 0 end) as low_line_count from orders, lineitem where o_orderkey = l_orderkey and l_shipmode in ('REG AIR', 'AIR') and l_commitdate < l_receiptdate and l_shipdate < l_commitdate and l_receiptdate >= date '1995-01-01' and l_receiptdate < date '1995-01-01' + interval '1' year group by l_shipmode order by l_shipmode;","SELECT l.l_shipmode, SUM(CASE WHEN o.o_orderpriority = '1-URGENT' OR o.o_orderpriority = '2-HIGH' THEN 1 ELSE 0 END) AS high_line_count, SUM(CASE WHEN o.o_orderpriority <> '1-URGENT' AND o.o_orderpriority <> '2-HIGH' THEN 1 ELSE 0 END) AS low_line_count FROM orders o JOIN lineitem l ON o.o_orderkey = l.l_orderkey WHERE l.l_shipmode IN ('REG AIR', 'AIR') AND l.l_commitdate < l.l_receiptdate AND l.l_shipdate < l.l_commitdate AND l.l_receiptdate >= DATE '1995-01-01' AND l.l_receiptdate < DATE '1995-01-01' + INTERVAL '1' YEAR GROUP BY l.l_shipmode ORDER BY l.l_shipmode;",,,,173.59936451911926,0.5909989999999999
35,"select l_shipmode, sum(case when o_orderpriority = '1-URGENT' or o_orderpriority = '2-HIGH' then 1 else 0 end) as high_line_count, sum(case when o_orderpriority <> '1-URGENT' and o_orderpriority <> '2-HIGH' then 1 else 0 end) as low_line_count from orders, lineitem where o_orderkey = l_orderkey and l_shipmode in ('TRUCK', 'SHIP') and l_commitdate < l_receiptdate and l_shipdate < l_commitdate and l_receiptdate >= date '1993-01-01' and l_receiptdate < date '1993-01-01' + interval '1' year group by l_shipmode order by l_shipmode;","SELECT li.l_shipmode, COUNT(*) FILTER (WHERE o.o_orderpriority IN ('1-URGENT', '2-HIGH')) AS high_line_count, COUNT(*) FILTER (WHERE o.o_orderpriority NOT IN ('1-URGENT', '2-HIGH')) AS low_line_count FROM orders o JOIN lineitem li ON o.o_orderkey = li.l_orderkey WHERE li.l_shipmode IN ('TRUCK', 'SHIP') AND li.l_commitdate < li.l_receiptdate AND li.l_shipdate < li.l_commitdate AND li.l_receiptdate >= DATE '1993-01-01' AND li.l_receiptdate < DATE '1994-01-01' GROUP BY li.l_shipmode ORDER BY li.l_shipmode;",,,,132.1156668663025,0.636277
36,"select l_shipmode, sum(case when o_orderpriority = '1-URGENT' or o_orderpriority = '2-HIGH' then 1 else 0 end) as high_line_count, sum(case when o_orderpriority <> '1-URGENT' and o_orderpriority <> '2-HIGH' then 1 else 0 end) as low_line_count from orders, lineitem where o_orderkey = l_orderkey and l_shipmode in ('REG AIR', 'FOB') and l_commitdate < l_receiptdate and l_shipdate < l_commitdate and l_receiptdate >= date '1997-01-01' and l_receiptdate < date '1997-01-01' + interval '1' year group by l_shipmode order by l_shipmode;","SELECT l_shipmode, SUM(CASE WHEN o_orderpriority IN ('1-URGENT', '2-HIGH') THEN 1 ELSE 0 END) AS high_line_count, SUM(CASE WHEN o_orderpriority NOT IN ('1-URGENT', '2-HIGH') THEN 1 ELSE 0 END) AS low_line_count FROM lineitem JOIN orders ON l_orderkey = o_orderkey WHERE l_shipmode IN ('REG AIR', 'FOB') AND l_commitdate < l_receiptdate AND l_shipdate < l_commitdate AND l_receiptdate >= DATE '1997-01-01' AND l_receiptdate < DATE '1998-01-01' GROUP BY l_shipmode ORDER BY l_shipmode;",,,,145.25470280647278,0.6795249999999999
37,"select c_count, count(*) as custdist from ( select c_custkey, count(o_orderkey) from customer left outer join orders on c_custkey = o_custkey and o_comment not like '%special%requests%' group by c_custkey ) as c_orders (c_custkey, c_count) group by c_count order by custdist desc, c_count desc;","WITH filtered_orders AS ( SELECT o_custkey, o_orderkey FROM orders WHERE o_comment NOT LIKE '%special%requests%' ), c_orders AS ( SELECT c_custkey, COUNT(o_orderkey) AS c_count FROM customer LEFT OUTER JOIN filtered_orders ON c_custkey = o_custkey GROUP BY c_custkey ) SELECT c_count, COUNT(*) AS custdist FROM c_orders GROUP BY c_count ORDER BY custdist DESC, c_count DESC;",,,,68.70559644699097,0.32054499999999997
38,"select c_count, count(*) as custdist from ( select c_custkey, count(o_orderkey) from customer left outer join orders on c_custkey = o_custkey and o_comment not like '%unusual%deposits%' group by c_custkey ) as c_orders (c_custkey, c_count) group by c_count order by custdist desc, c_count desc;","WITH filtered_orders AS ( SELECT o_custkey, COUNT(o_orderkey) AS c_count FROM orders WHERE o_comment NOT LIKE '%unusual%deposits%' GROUP BY o_custkey ) SELECT COALESCE(fo.c_count, 0) AS c_count, COUNT(c.c_custkey) AS custdist FROM customer c LEFT JOIN filtered_orders fo ON c.c_custkey = fo.o_custkey GROUP BY c_count ORDER BY custdist DESC, c_count DESC;",,,,113.71900773048401,0.472933
39,"select c_count, count(*) as custdist from ( select c_custkey, count(o_orderkey) from customer left outer join orders on c_custkey = o_custkey and o_comment not like '%express%deposits%' group by c_custkey ) as c_orders (c_custkey, c_count) group by c_count order by custdist desc, c_count desc;","with filtered_orders as ( select o_custkey, count(*) as o_count from orders where o_comment not like '%express%deposits%' group by o_custkey ) select COALESCE(filtered_orders.o_count, 0) as c_count, count(*) as custdist from customer left outer join filtered_orders on customer.c_custkey = filtered_orders.o_custkey group by COALESCE(filtered_orders.o_count, 0) order by custdist desc, c_count desc;",,,,148.60188603401184,0.691443
40,"select 100.00 * sum(case when p_type like 'PROMO%' then l_extendedprice * (1 - l_discount) else 0 end) / sum(l_extendedprice * (1 - l_discount)) as promo_revenue from lineitem, part where l_partkey = p_partkey and l_shipdate >= date '1995-05-01' and l_shipdate < date '1995-05-01' + interval '1' month;",SELECT 100.00 * SUM(CASE WHEN p_type LIKE 'PROMO%' THEN l_extendedprice * (1 - l_discount) ELSE 0 END) / SUM(l_extendedprice * (1 - l_discount)) AS promo_revenue FROM lineitem l JOIN part p ON l.l_partkey = p.p_partkey WHERE l.l_shipdate >= DATE '1995-05-01' AND l.l_shipdate < DATE '1995-06-01';,,,,70.61149048805237,0.345976
41,"select 100.00 * sum(case when p_type like 'PROMO%' then l_extendedprice * (1 - l_discount) else 0 end) / sum(l_extendedprice * (1 - l_discount)) as promo_revenue from lineitem, part where l_partkey = p_partkey and l_shipdate >= date '1997-10-01' and l_shipdate < date '1997-10-01' + interval '1' month;","SELECT 100.00 * SUM(CASE WHEN p_type LIKE 'PROMO%' THEN extended_discounted_price ELSE 0 END) / SUM(extended_discounted_price) AS promo_revenue FROM ( SELECT l_extendedprice * (1 - l_discount) AS extended_discounted_price, l_partkey FROM lineitem WHERE l_shipdate >= DATE '1997-10-01' AND l_shipdate < DATE '1997-11-01' ) AS lineitem_filtered JOIN part ON lineitem_filtered.l_partkey = part.p_partkey;",,,,99.29843044281006,0.43270700000000006
42,"select 100.00 * sum(case when p_type like 'PROMO%' then l_extendedprice * (1 - l_discount) else 0 end) / sum(l_extendedprice * (1 - l_discount)) as promo_revenue from lineitem, part where l_partkey = p_partkey and l_shipdate >= date '1997-03-01' and l_shipdate < date '1997-03-01' + interval '1' month;",select 100.00 * sum(case when p_type like 'PROMO%' then l_extendedprice * (1 - l_discount) else 0 end) / sum(l_extendedprice * (1 - l_discount)) as promo_revenue from lineitem inner join part on l_partkey = p_partkey where l_shipdate >= date '1997-03-01' and l_shipdate < date '1997-04-01';,,,,169.1141083240509,0.678308
43,"select p_brand, p_type, p_size, count(distinct ps_suppkey) as supplier_cnt from partsupp, part where p_partkey = ps_partkey and p_brand <> 'Brand#43' and p_type not like 'PROMO PLATED%' and p_size in (18, 8, 33, 17, 27, 6, 1, 50) and ps_suppkey not in ( select s_suppkey from supplier where s_comment like '%Customer%Complaints%' ) group by p_brand, p_type, p_size order by supplier_cnt desc, p_brand, p_type, p_size;","WITH bad_suppliers AS ( SELECT s_suppkey FROM supplier WHERE s_comment LIKE '%Customer%Complaints%' ) SELECT p.p_brand, p.p_type, p.p_size, COUNT(DISTINCT ps.ps_suppkey) AS supplier_cnt FROM part p JOIN partsupp ps ON p.p_partkey = ps.ps_partkey WHERE p.p_brand <> 'Brand#43' AND p.p_type NOT LIKE 'PROMO PLATED%' AND p.p_size IN (18, 8, 33, 17, 27, 6, 1, 50) AND NOT EXISTS ( SELECT 1 FROM bad_suppliers bs WHERE bs.s_suppkey = ps.ps_suppkey ) GROUP BY p.p_brand, p.p_type, p.p_size ORDER BY supplier_cnt DESC, p.p_brand, p.p_type, p.p_size;",,,,167.27997136116028,0.7427480000000001
44,"select p_brand, p_type, p_size, count(distinct ps_suppkey) as supplier_cnt from partsupp, part where p_partkey = ps_partkey and p_brand <> 'Brand#43' and p_type not like 'MEDIUM BURNISHED%' and p_size in (48, 45, 42, 31, 44, 33, 50, 3) and ps_suppkey not in ( select s_suppkey from supplier where s_comment like '%Customer%Complaints%' ) group by p_brand, p_type, p_size order by supplier_cnt desc, p_brand, p_type, p_size;","SELECT p_brand, p_type, p_size, COUNT(DISTINCT partsupp.ps_suppkey) AS supplier_cnt FROM part INNER JOIN partsupp ON part.p_partkey = partsupp.ps_partkey LEFT JOIN supplier ON supplier.s_suppkey = partsupp.ps_suppkey AND supplier.s_comment LIKE '%Customer%Complaints%' WHERE part.p_brand <> 'Brand#43' AND part.p_type NOT LIKE 'MEDIUM BURNISHED%' AND part.p_size IN (48, 45, 42, 31, 44, 33, 50, 3) AND supplier.s_suppkey IS NULL GROUP BY part.p_brand, part.p_type, part.p_size ORDER BY supplier_cnt DESC, part.p_brand, part.p_type, part.p_size;",,,,154.52586889266968,0.7761480000000001
45,"select p_brand, p_type, p_size, count(distinct ps_suppkey) as supplier_cnt from partsupp, part where p_partkey = ps_partkey and p_brand <> 'Brand#33' and p_type not like 'SMALL BRUSHED%' and p_size in (28, 8, 22, 14, 19, 44, 47, 45) and ps_suppkey not in ( select s_suppkey from supplier where s_comment like '%Customer%Complaints%' ) group by p_brand, p_type, p_size order by supplier_cnt desc, p_brand, p_type, p_size;","SELECT p_brand, p_type, p_size, COUNT(DISTINCT ps_suppkey) AS supplier_cnt FROM part JOIN partsupp ON part.p_partkey = partsupp.ps_partkey WHERE p_brand <> 'Brand#33' AND p_type NOT LIKE 'SMALL BRUSHED%' AND p_size IN (28, 8, 22, 14, 19, 44, 47, 45) AND ps_suppkey NOT IN ( SELECT s_suppkey FROM supplier WHERE s_comment LIKE '%Customer%Complaints%' ) GROUP BY p_brand, p_type, p_size ORDER BY supplier_cnt DESC, p_brand, p_type, p_size;",,,,127.43862819671631,0.550742
46,"select sum(l_extendedprice) / 7.0 as avg_yearly from lineitem, part where p_partkey = l_partkey and p_brand = 'Brand#35' and p_container = 'LG PKG' and l_quantity < ( select 0.2 * avg(l_quantity) from lineitem where l_partkey = p_partkey );","with filtered_parts as ( select p_partkey from part where p_brand = 'Brand#35' and p_container = 'LG PKG' ), part_avg as ( select l_partkey, 0.2 * avg(l_quantity) as avg_quantity from lineitem where l_partkey in (select p_partkey from filtered_parts) group by l_partkey ) select sum(l_extendedprice) / 7.0 as avg_yearly from lineitem join filtered_parts on lineitem.l_partkey = filtered_parts.p_partkey join part_avg on lineitem.l_partkey = part_avg.l_partkey where l_quantity < part_avg.avg_quantity;",,,,174.07645845413208,0.821933
47,"select sum(l_extendedprice) / 7.0 as avg_yearly from lineitem, part where p_partkey = l_partkey and p_brand = 'Brand#32' and p_container = 'WRAP PKG' and l_quantity < ( select 0.2 * avg(l_quantity) from lineitem where l_partkey = p_partkey );",SELECT SUM(l.l_extendedprice) / 7.0 AS avg_yearly FROM part p JOIN lineitem l ON p.p_partkey = l.l_partkey WHERE p.p_brand = 'Brand#32' AND p.p_container = 'WRAP PKG' AND l.l_quantity < ( SELECT 0.2 * AVG(l_quantity) FROM lineitem WHERE l_partkey = p.p_partkey );,,,,325.17412424087524,1.5940210000000001
48,"select sum(l_extendedprice) / 7.0 as avg_yearly from lineitem, part where p_partkey = l_partkey and p_brand = 'Brand#32' and p_container = 'MED PKG' and l_quantity < ( select 0.2 * avg(l_quantity) from lineitem where l_partkey = p_partkey );",WITH filtered_parts AS ( SELECT p_partkey FROM part WHERE p_brand = 'Brand#32' AND p_container = 'MED PKG' ) SELECT SUM(l.l_extendedprice) / 7.0 AS avg_yearly FROM lineitem l JOIN filtered_parts p ON l.l_partkey = p.p_partkey WHERE l.l_quantity < ( SELECT 0.2 * AVG(l2.l_quantity) FROM lineitem l2 WHERE l2.l_partkey = p.p_partkey );,,,,186.72918033599854,0.9888110000000001
49,"select c_name, c_custkey, o_orderkey, o_orderdate, o_totalprice, sum(l_quantity) from customer, orders, lineitem where o_orderkey in ( select l_orderkey from lineitem group by l_orderkey having sum(l_quantity) > 315 ) and c_custkey = o_custkey and o_orderkey = l_orderkey group by c_name, c_custkey, o_orderkey, o_orderdate, o_totalprice order by o_totalprice desc, o_orderdate limit 100;","WITH order_quantities AS ( SELECT l_orderkey, SUM(l_quantity) AS total_quantity FROM lineitem GROUP BY l_orderkey HAVING SUM(l_quantity) > 315 ) SELECT c_name, c_custkey, o_orderkey, o_orderdate, o_totalprice, SUM(l_quantity) FROM customer JOIN orders ON c_custkey = o_custkey JOIN lineitem ON o_orderkey = l_orderkey JOIN order_quantities oq ON o_orderkey = oq.l_orderkey GROUP BY c_name, c_custkey, o_orderkey, o_orderdate, o_totalprice ORDER BY o_totalprice DESC, o_orderdate LIMIT 100;",,,,172.5182707309723,0.663925
50,"select c_name, c_custkey, o_orderkey, o_orderdate, o_totalprice, sum(l_quantity) from customer, orders, lineitem where o_orderkey in ( select l_orderkey from lineitem group by l_orderkey having sum(l_quantity) > 313 ) and c_custkey = o_custkey and o_orderkey = l_orderkey group by c_name, c_custkey, o_orderkey, o_orderdate, o_totalprice order by o_totalprice desc, o_orderdate limit 100;","WITH heavy_orders AS ( SELECT l_orderkey, sum(l_quantity) as sum_l_quantity FROM lineitem GROUP BY l_orderkey HAVING sum(l_quantity) > 313 ) SELECT c_name, c_custkey, o_orderkey, o_orderdate, o_totalprice, ho.sum_l_quantity FROM customer JOIN orders ON c_custkey = o_custkey JOIN heavy_orders ho ON o_orderkey = ho.l_orderkey ORDER BY o_totalprice DESC, o_orderdate LIMIT 100;",,,,140.57727193832397,0.620631
51,"select c_name, c_custkey, o_orderkey, o_orderdate, o_totalprice, sum(l_quantity) from customer, orders, lineitem where o_orderkey in ( select l_orderkey from lineitem group by l_orderkey having sum(l_quantity) > 313 ) and c_custkey = o_custkey and o_orderkey = l_orderkey group by c_name, c_custkey, o_orderkey, o_orderdate, o_totalprice order by o_totalprice desc, o_orderdate limit 100;","WITH order_aggr AS ( SELECT l_orderkey, SUM(l_quantity) as total_quantity FROM lineitem GROUP BY l_orderkey HAVING SUM(l_quantity) > 313 ) SELECT c_name, c_custkey, o_orderkey, o_orderdate, o_totalprice, SUM(l_quantity) FROM customer JOIN orders ON customer.c_custkey = orders.o_custkey JOIN lineitem ON orders.o_orderkey = lineitem.l_orderkey WHERE orders.o_orderkey IN (SELECT l_orderkey FROM order_aggr) GROUP BY c_name, c_custkey, o_orderkey, o_orderdate, o_totalprice ORDER BY o_totalprice DESC, o_orderdate LIMIT 100;",,,,129.1606011390686,0.601431
52,"select sum(l_extendedprice* (1 - l_discount)) as revenue from lineitem, part where ( p_partkey = l_partkey and p_brand = 'Brand#21' and p_container in ('SM CASE', 'SM BOX', 'SM PACK', 'SM PKG') and l_quantity >= 3 and l_quantity <= 3 + 10 and p_size between 1 and 5 and l_shipmode in ('AIR', 'AIR REG') and l_shipinstruct = 'DELIVER IN PERSON' ) or ( p_partkey = l_partkey and p_brand = 'Brand#42' and p_container in ('MED BAG', 'MED BOX', 'MED PKG', 'MED PACK') and l_quantity >= 20 and l_quantity <= 20 + 10 and p_size between 1 and 10 and l_shipmode in ('AIR', 'AIR REG') and l_shipinstruct = 'DELIVER IN PERSON' ) or ( p_partkey = l_partkey and p_brand = 'Brand#31' and p_container in ('LG CASE', 'LG BOX', 'LG PACK', 'LG PKG') and l_quantity >= 25 and l_quantity <= 25 + 10 and p_size between 1 and 15 and l_shipmode in ('AIR', 'AIR REG') and l_shipinstruct = 'DELIVER IN PERSON' );","SELECT SUM(revenue) AS revenue FROM ( SELECT l_extendedprice * (1 - l_discount) AS revenue FROM lineitem JOIN part ON p_partkey = l_partkey WHERE p_brand = 'Brand#21' AND p_container IN ('SM CASE', 'SM BOX', 'SM PACK', 'SM PKG') AND l_quantity BETWEEN 3 AND 13 AND p_size BETWEEN 1 AND 5 AND l_shipmode IN ('AIR', 'AIR REG') AND l_shipinstruct = 'DELIVER IN PERSON' UNION ALL SELECT l_extendedprice * (1 - l_discount) AS revenue FROM lineitem JOIN part ON p_partkey = l_partkey WHERE p_brand = 'Brand#42' AND p_container IN ('MED BAG', 'MED BOX', 'MED PKG', 'MED PACK') AND l_quantity BETWEEN 20 AND 30 AND p_size BETWEEN 1 AND 10 AND l_shipmode IN ('AIR', 'AIR REG') AND l_shipinstruct = 'DELIVER IN PERSON' UNION ALL SELECT l_extendedprice * (1 - l_discount) AS revenue FROM lineitem JOIN part ON p_partkey = l_partkey WHERE p_brand = 'Brand#31' AND p_container IN ('LG CASE', 'LG BOX', 'LG PACK', 'LG PKG') AND l_quantity BETWEEN 25 AND 35 AND p_size BETWEEN 1 AND 15 AND l_shipmode IN ('AIR', 'AIR REG') AND l_shipinstruct = 'DELIVER IN PERSON' ) AS revenue_data",,,,96.89618682861328,0.619205
53,"select sum(l_extendedprice* (1 - l_discount)) as revenue from lineitem, part where ( p_partkey = l_partkey and p_brand = 'Brand#55' and p_container in ('SM CASE', 'SM BOX', 'SM PACK', 'SM PKG') and l_quantity >= 10 and l_quantity <= 10 + 10 and p_size between 1 and 5 and l_shipmode in ('AIR', 'AIR REG') and l_shipinstruct = 'DELIVER IN PERSON' ) or ( p_partkey = l_partkey and p_brand = 'Brand#53' and p_container in ('MED BAG', 'MED BOX', 'MED PKG', 'MED PACK') and l_quantity >= 18 and l_quantity <= 18 + 10 and p_size between 1 and 10 and l_shipmode in ('AIR', 'AIR REG') and l_shipinstruct = 'DELIVER IN PERSON' ) or ( p_partkey = l_partkey and p_brand = 'Brand#54' and p_container in ('LG CASE', 'LG BOX', 'LG PACK', 'LG PKG') and l_quantity >= 24 and l_quantity <= 24 + 10 and p_size between 1 and 15 and l_shipmode in ('AIR', 'AIR REG') and l_shipinstruct = 'DELIVER IN PERSON' );","WITH lineitem_filtered AS ( SELECT l_extendedprice, l_discount, l_partkey, l_quantity FROM lineitem WHERE l_shipmode IN ('AIR', 'AIR REG') AND l_shipinstruct = 'DELIVER IN PERSON' ) SELECT SUM(l_extendedprice * (1 - l_discount)) AS revenue FROM ( SELECT l_extendedprice, l_discount FROM lineitem_filtered l JOIN part p ON p.p_partkey = l.l_partkey WHERE p_brand = 'Brand#55' AND p_container IN ('SM CASE', 'SM BOX', 'SM PACK', 'SM PKG') AND l_quantity BETWEEN 10 AND 20 AND p_size BETWEEN 1 AND 5 UNION ALL SELECT l_extendedprice, l_discount FROM lineitem_filtered l JOIN part p ON p.p_partkey = l.l_partkey WHERE p_brand = 'Brand#53' AND p_container IN ('MED BAG', 'MED BOX', 'MED PKG', 'MED PACK') AND l_quantity BETWEEN 18 AND 28 AND p_size BETWEEN 1 AND 10 UNION ALL SELECT l_extendedprice, l_discount FROM lineitem_filtered l JOIN part p ON p.p_partkey = l.l_partkey WHERE p_brand = 'Brand#54' AND p_container IN ('LG CASE', 'LG BOX', 'LG PACK', 'LG PKG') AND l_quantity BETWEEN 24 AND 34 AND p_size BETWEEN 1 AND 15 ) AS combined;",,,,171.78413224220276,0.776007
54,"select sum(l_extendedprice* (1 - l_discount)) as revenue from lineitem, part where ( p_partkey = l_partkey and p_brand = 'Brand#31' and p_container in ('SM CASE', 'SM BOX', 'SM PACK', 'SM PKG') and l_quantity >= 10 and l_quantity <= 10 + 10 and p_size between 1 and 5 and l_shipmode in ('AIR', 'AIR REG') and l_shipinstruct = 'DELIVER IN PERSON' ) or ( p_partkey = l_partkey and p_brand = 'Brand#22' and p_container in ('MED BAG', 'MED BOX', 'MED PKG', 'MED PACK') and l_quantity >= 19 and l_quantity <= 19 + 10 and p_size between 1 and 10 and l_shipmode in ('AIR', 'AIR REG') and l_shipinstruct = 'DELIVER IN PERSON' ) or ( p_partkey = l_partkey and p_brand = 'Brand#25' and p_container in ('LG CASE', 'LG BOX', 'LG PACK', 'LG PKG') and l_quantity >= 27 and l_quantity <= 27 + 10 and p_size between 1 and 15 and l_shipmode in ('AIR', 'AIR REG') and l_shipinstruct = 'DELIVER IN PERSON' );","SELECT SUM(l_extendedprice * (1 - l_discount)) AS revenue FROM ( SELECT l_extendedprice, l_discount FROM lineitem JOIN part ON lineitem.l_partkey = part.p_partkey WHERE part.p_brand = 'Brand#31' AND part.p_container IN ('SM CASE', 'SM BOX', 'SM PACK', 'SM PKG') AND lineitem.l_quantity BETWEEN 10 AND 20 AND part.p_size BETWEEN 1 AND 5 AND lineitem.l_shipmode IN ('AIR', 'AIR REG') AND lineitem.l_shipinstruct = 'DELIVER IN PERSON' UNION ALL SELECT l_extendedprice, l_discount FROM lineitem JOIN part ON lineitem.l_partkey = part.p_partkey WHERE part.p_brand = 'Brand#22' AND part.p_container IN ('MED BAG', 'MED BOX', 'MED PKG', 'MED PACK') AND lineitem.l_quantity BETWEEN 19 AND 29 AND part.p_size BETWEEN 1 AND 10 AND lineitem.l_shipmode IN ('AIR', 'AIR REG') AND lineitem.l_shipinstruct = 'DELIVER IN PERSON' UNION ALL SELECT l_extendedprice, l_discount FROM lineitem JOIN part ON lineitem.l_partkey = part.p_partkey WHERE part.p_brand = 'Brand#25' AND part.p_container IN ('LG CASE', 'LG BOX', 'LG PACK', 'LG PKG') AND lineitem.l_quantity BETWEEN 27 AND 37 AND part.p_size BETWEEN 1 AND 15 AND lineitem.l_shipmode IN ('AIR', 'AIR REG') AND lineitem.l_shipinstruct = 'DELIVER IN PERSON' ) AS combined;",,,,146.23289108276367,0.780165
55,"select s_name, s_address from supplier, nation where s_suppkey in ( select ps_suppkey from partsupp where ps_partkey in ( select p_partkey from part where p_name like 'burnished%' ) and ps_availqty > ( select 0.5 * sum(l_quantity) from lineitem where l_partkey = ps_partkey and l_suppkey = ps_suppkey and l_shipdate >= date '1996-01-01' and l_shipdate < date '1996-01-01' + interval '1' year ) ) and s_nationkey = n_nationkey and n_name = 'GERMANY' order by s_name;","WITH yearly_supply AS ( SELECT l_partkey, l_suppkey, 0.5 * SUM(l_quantity) AS half_yearly_quantity FROM lineitem WHERE l_shipdate >= DATE '1996-01-01' AND l_shipdate < DATE '1996-01-01' + interval '1' year GROUP BY l_partkey, l_suppkey ), filtered_parts AS ( SELECT p_partkey FROM part WHERE p_name LIKE 'burnished%' ) SELECT s_name, s_address FROM supplier s JOIN nation n ON s.s_nationkey = n.n_nationkey AND n.n_name = 'GERMANY' WHERE s.s_suppkey IN ( SELECT ps.ps_suppkey FROM partsupp ps JOIN filtered_parts p ON ps.ps_partkey = p.p_partkey JOIN yearly_supply ys ON ps.ps_partkey = ys.l_partkey AND ps.ps_suppkey = ys.l_suppkey WHERE ps.ps_availqty > ys.half_yearly_quantity ) ORDER BY s_name;",,,,104.84447145462036,0.9126270000000001
56,"select s_name, s_address from supplier, nation where s_suppkey in ( select ps_suppkey from partsupp where ps_partkey in ( select p_partkey from part where p_name like 'spring%' ) and ps_availqty > ( select 0.5 * sum(l_quantity) from lineitem where l_partkey = ps_partkey and l_suppkey = ps_suppkey and l_shipdate >= date '1997-01-01' and l_shipdate < date '1997-01-01' + interval '1' year ) ) and s_nationkey = n_nationkey and n_name = 'KENYA' order by s_name;","select s_name, s_address from supplier, nation where s_suppkey in ( select ps_suppkey from partsupp where ps_partkey in ( select p_partkey from part where p_name like 'spring%' ) and ps_availqty > ( select 0.5 * sum(l_quantity) from lineitem where l_partkey = ps_partkey and l_suppkey = ps_suppkey and l_shipdate >= date '1997-01-01' and l_shipdate < date '1997-01-01' + interval '1' year ) ) and s_nationkey = n_nationkey and n_name = 'KENYA' order by s_name;",,,,104.95116925239563,0.843044
57,"select s_name, s_address from supplier, nation where s_suppkey in ( select ps_suppkey from partsupp where ps_partkey in ( select p_partkey from part where p_name like 'burlywood%' ) and ps_availqty > ( select 0.5 * sum(l_quantity) from lineitem where l_partkey = ps_partkey and l_suppkey = ps_suppkey and l_shipdate >= date '1994-01-01' and l_shipdate < date '1994-01-01' + interval '1' year ) ) and s_nationkey = n_nationkey and n_name = 'ETHIOPIA' order by s_name;","WITH filtered_nation AS ( SELECT n_nationkey FROM nation WHERE n_name = 'ETHIOPIA' ), filtered_part AS ( SELECT p_partkey FROM part WHERE p_name LIKE 'burlywood%' ) SELECT s_name, s_address FROM supplier s JOIN filtered_nation fn ON s.s_nationkey = fn.n_nationkey JOIN partsupp ps ON s.s_suppkey = ps.ps_suppkey JOIN filtered_part fp ON ps.ps_partkey = fp.p_partkey WHERE ps.ps_availqty > ( SELECT 0.5 * SUM(l_quantity) FROM lineitem WHERE l_partkey = ps.ps_partkey AND l_suppkey = ps.ps_suppkey AND l_shipdate >= DATE '1994-01-01' AND l_shipdate < DATE '1995-01-01' ) ORDER BY s_name;",,,,101.64559888839722,0.7600199999999999
58,"select s_name, count(*) as numwait from supplier, lineitem l1, orders, nation where s_suppkey = l1.l_suppkey and o_orderkey = l1.l_orderkey and o_orderstatus = 'F' and l1.l_receiptdate > l1.l_commitdate and exists ( select * from lineitem l2 where l2.l_orderkey = l1.l_orderkey and l2.l_suppkey <> l1.l_suppkey ) and not exists ( select * from lineitem l3 where l3.l_orderkey = l1.l_orderkey and l3.l_suppkey <> l1.l_suppkey and l3.l_receiptdate > l3.l_commitdate ) and s_nationkey = n_nationkey and n_name = 'MOZAMBIQUE' group by s_name order by numwait desc, s_name limit 100;","SELECT s_name, COUNT(*) AS numwait FROM supplier JOIN nation ON supplier.s_nationkey = nation.n_nationkey JOIN lineitem l1 ON supplier.s_suppkey = l1.l_suppkey JOIN orders ON l1.l_orderkey = orders.o_orderkey AND orders.o_orderstatus = 'F' WHERE nation.n_name = 'MOZAMBIQUE' AND l1.l_receiptdate > l1.l_commitdate AND EXISTS ( SELECT 1 FROM lineitem l2 WHERE l2.l_orderkey = l1.l_orderkey AND l2.l_suppkey <> l1.l_suppkey ) AND NOT EXISTS ( SELECT 1 FROM lineitem l3 WHERE l3.l_orderkey = l1.l_orderkey AND l3.l_suppkey <> l1.l_suppkey AND l3.l_receiptdate > l3.l_commitdate ) GROUP BY s_name ORDER BY numwait DESC, s_name LIMIT 100;",,,,229.69059801101685,0.8631970000000001
59,"select s_name, count(*) as numwait from supplier, lineitem l1, orders, nation where s_suppkey = l1.l_suppkey and o_orderkey = l1.l_orderkey and o_orderstatus = 'F' and l1.l_receiptdate > l1.l_commitdate and exists ( select * from lineitem l2 where l2.l_orderkey = l1.l_orderkey and l2.l_suppkey <> l1.l_suppkey ) and not exists ( select * from lineitem l3 where l3.l_orderkey = l1.l_orderkey and l3.l_suppkey <> l1.l_suppkey and l3.l_receiptdate > l3.l_commitdate ) and s_nationkey = n_nationkey and n_name = 'SAUDI ARABIA' group by s_name order by numwait desc, s_name limit 100;","WITH saudi_suppliers AS ( SELECT s_suppkey, s_name FROM supplier JOIN nation ON s_nationkey = n_nationkey WHERE n_name = 'SAUDI ARABIA' ), filtered_orders AS ( SELECT o_orderkey FROM orders WHERE o_orderstatus = 'F' ), delayed_lineitem AS ( SELECT l_orderkey, l_suppkey FROM lineitem WHERE l_receiptdate > l_commitdate ) SELECT s.s_name, COUNT(*) AS numwait FROM saudi_suppliers s JOIN delayed_lineitem l1 ON s.s_suppkey = l1.l_suppkey JOIN filtered_orders o ON o.o_orderkey = l1.l_orderkey WHERE EXISTS ( SELECT 1 FROM lineitem l2 WHERE l2.l_orderkey = l1.l_orderkey AND l2.l_suppkey <> l1.l_suppkey ) AND NOT EXISTS ( SELECT 1 FROM lineitem l3 WHERE l3.l_orderkey = l1.l_orderkey AND l3.l_suppkey <> l1.l_suppkey AND l3.l_receiptdate > l3.l_commitdate ) GROUP BY s.s_name ORDER BY numwait DESC, s.s_name LIMIT 100;",,,,138.2932538986206,0.6475779999999999
60,"select s_name, count(*) as numwait from supplier, lineitem l1, orders, nation where s_suppkey = l1.l_suppkey and o_orderkey = l1.l_orderkey and o_orderstatus = 'F' and l1.l_receiptdate > l1.l_commitdate and exists ( select * from lineitem l2 where l2.l_orderkey = l1.l_orderkey and l2.l_suppkey <> l1.l_suppkey ) and not exists ( select * from lineitem l3 where l3.l_orderkey = l1.l_orderkey and l3.l_suppkey <> l1.l_suppkey and l3.l_receiptdate > l3.l_commitdate ) and s_nationkey = n_nationkey and n_name = 'INDONESIA' group by s_name order by numwait desc, s_name limit 100;","WITH late_lineitems AS ( SELECT l_orderkey, l_suppkey FROM lineitem WHERE l_receiptdate > l_commitdate ), indonesia_suppliers AS ( SELECT s_suppkey, s_name FROM supplier JOIN nation ON s_nationkey = n_nationkey WHERE n_name = 'INDONESIA' ) SELECT s.s_name, COUNT(*) AS numwait FROM late_lineitems l1 JOIN orders ON l1.l_orderkey = o_orderkey JOIN indonesia_suppliers s ON l1.l_suppkey = s.s_suppkey WHERE o_orderstatus = 'F' AND EXISTS ( SELECT 1 FROM lineitem l2 WHERE l2.l_orderkey = l1.l_orderkey AND l2.l_suppkey <> l1.l_suppkey ) AND NOT EXISTS ( SELECT 1 FROM late_lineitems l3 WHERE l3.l_orderkey = l1.l_orderkey AND l3.l_suppkey <> l1.l_suppkey ) GROUP BY s.s_name ORDER BY numwait DESC, s.s_name LIMIT 100;",,,,162.5595669746399,0.676207
61,"select cntrycode, count(*) as numcust, sum(c_acctbal) as totacctbal from ( select substring(c_phone from 1 for 2) as cntrycode, c_acctbal from customer where substring(c_phone from 1 for 2) in ('17', '22', '12', '18', '34', '25', '16') and c_acctbal > ( select avg(c_acctbal) from customer where c_acctbal > 0.00 and substring(c_phone from 1 for 2) in ('17', '22', '12', '18', '34', '25', '16') ) and not exists ( select * from orders where o_custkey = c_custkey ) ) as custsale group by cntrycode order by cntrycode;","WITH filtered_customers AS ( SELECT c_custkey, substring(c_phone FROM 1 FOR 2) AS cntrycode, c_acctbal FROM customer WHERE substring(c_phone FROM 1 FOR 2) IN ('17', '22', '12', '18', '34', '25', '16') AND c_acctbal > ( SELECT AVG(c_acctbal) FROM customer WHERE c_acctbal > 0.00 AND substring(c_phone FROM 1 FOR 2) IN ('17', '22', '12', '18', '34', '25', '16') ) ) SELECT cntrycode, COUNT(*) AS numcust, SUM(c_acctbal) AS totacctbal FROM filtered_customers fc WHERE NOT EXISTS ( SELECT 1 FROM orders WHERE o_custkey = fc.c_custkey ) GROUP BY cntrycode ORDER BY cntrycode;",,,,110.73998165130615,0.661187
62,"select cntrycode, count(*) as numcust, sum(c_acctbal) as totacctbal from ( select substring(c_phone from 1 for 2) as cntrycode, c_acctbal from customer where substring(c_phone from 1 for 2) in ('24', '31', '26', '34', '30', '22', '14') and c_acctbal > ( select avg(c_acctbal) from customer where c_acctbal > 0.00 and substring(c_phone from 1 for 2) in ('24', '31', '26', '34', '30', '22', '14') ) and not exists ( select * from orders where o_custkey = c_custkey ) ) as custsale group by cntrycode order by cntrycode;","WITH filtered_customers AS ( SELECT c_custkey, substring(c_phone from 1 for 2) AS cntrycode, c_acctbal FROM customer WHERE substring(c_phone from 1 for 2) IN ('24','31','26','34','30','22','14') AND c_acctbal > 0.00 ), avg_balance AS ( SELECT AVG(c_acctbal) AS avg_val FROM filtered_customers ) SELECT cntrycode, COUNT(*) AS numcust, SUM(c_acctbal) AS totacctbal FROM filtered_customers fc WHERE fc.c_acctbal > (SELECT avg_val FROM avg_balance) AND NOT EXISTS (SELECT 1 FROM orders WHERE o_custkey = fc.c_custkey) GROUP BY cntrycode ORDER BY cntrycode;",,,,214.95720267295837,1.077342
63,"select cntrycode, count(*) as numcust, sum(c_acctbal) as totacctbal from ( select substring(c_phone from 1 for 2) as cntrycode, c_acctbal from customer where substring(c_phone from 1 for 2) in ('15', '18', '31', '33', '32', '28', '16') and c_acctbal > ( select avg(c_acctbal) from customer where c_acctbal > 0.00 and substring(c_phone from 1 for 2) in ('15', '18', '31', '33', '32', '28', '16') ) and not exists ( select * from orders where o_custkey = c_custkey ) ) as custsale group by cntrycode order by cntrycode;","WITH filtered_customer AS ( SELECT c_custkey, c_phone, c_acctbal, substring(c_phone from 1 for 2) AS cntrycode FROM customer WHERE substring(c_phone from 1 for 2) IN ('15', '18', '31', '33', '32', '28', '16') ), avg_balance AS ( SELECT AVG(c_acctbal) AS avg_val FROM filtered_customer WHERE c_acctbal > 0.00 ) SELECT cntrycode, count(*) AS numcust, sum(c_acctbal) AS totacctbal FROM filtered_customer c WHERE c_acctbal > (SELECT avg_val FROM avg_balance) AND NOT EXISTS ( SELECT 1 FROM orders WHERE o_custkey = c.c_custkey ) GROUP BY cntrycode ORDER BY cntrycode;",,,,224.65926051139832,0.836503
