id,original_query
1,"select l_returnflag, l_linestatus, sum(l_quantity) as sum_qty, sum(l_extendedprice) as sum_base_price, sum(l_extendedprice * (1 - l_discount)) as sum_disc_price, sum(l_extendedprice * (1 - l_discount) * (1 + l_tax)) as sum_charge, avg(l_quantity) as avg_qty, avg(l_extendedprice) as avg_price, avg(l_discount) as avg_disc, count(*) as count_order from lineitem where l_shipdate <= date '1998-12-01' - interval '93' day group by l_returnflag, l_linestatus order by l_returnflag, l_linestatus;"
3,"select l_returnflag, l_linestatus, sum(l_quantity) as sum_qty, sum(l_extendedprice) as sum_base_price, sum(l_extendedprice * (1 - l_discount)) as sum_disc_price, sum(l_extendedprice * (1 - l_discount) * (1 + l_tax)) as sum_charge, avg(l_quantity) as avg_qty, avg(l_extendedprice) as avg_price, avg(l_discount) as avg_disc, count(*) as count_order from lineitem where l_shipdate <= date '1998-12-01' - interval '91' day group by l_returnflag, l_linestatus order by l_returnflag, l_linestatus;"
7,"select l_orderkey, sum(l_extendedprice * (1 - l_discount)) as revenue, o_orderdate, o_shippriority from customer, orders, lineitem where c_mktsegment = 'MACHINERY' and c_custkey = o_custkey and l_orderkey = o_orderkey and o_orderdate < date '1995-03-20' and l_shipdate > date '1995-03-20' group by l_orderkey, o_orderdate, o_shippriority order by revenue desc, o_orderdate limit 10;"
9,"select l_orderkey, sum(l_extendedprice * (1 - l_discount)) as revenue, o_orderdate, o_shippriority from customer, orders, lineitem where c_mktsegment = 'BUILDING' and c_custkey = o_custkey and l_orderkey = o_orderkey and o_orderdate < date '1995-03-08' and l_shipdate > date '1995-03-08' group by l_orderkey, o_orderdate, o_shippriority order by revenue desc, o_orderdate limit 10;"
10,"select o_orderpriority, count(*) as order_count from orders where o_orderdate >= date '1996-01-01' and o_orderdate < date '1996-01-01' + interval '3' month and exists ( select * from lineitem where l_orderkey = o_orderkey and l_commitdate < l_receiptdate ) group by o_orderpriority order by o_orderpriority;"
11,"select o_orderpriority, count(*) as order_count from orders where o_orderdate >= date '1995-01-01' and o_orderdate < date '1995-01-01' + interval '3' month and exists ( select * from lineitem where l_orderkey = o_orderkey and l_commitdate < l_receiptdate ) group by o_orderpriority order by o_orderpriority;"
12,"select o_orderpriority, count(*) as order_count from orders where o_orderdate >= date '1994-02-01' and o_orderdate < date '1994-02-01' + interval '3' month and exists ( select * from lineitem where l_orderkey = o_orderkey and l_commitdate < l_receiptdate ) group by o_orderpriority order by o_orderpriority;"
15,"select n_name, sum(l_extendedprice * (1 - l_discount)) as revenue from customer, orders, lineitem, supplier, nation, region where c_custkey = o_custkey and l_orderkey = o_orderkey and l_suppkey = s_suppkey and c_nationkey = s_nationkey and s_nationkey = n_nationkey and n_regionkey = r_regionkey and r_name = 'EUROPE' and o_orderdate >= date '1995-01-01' and o_orderdate < date '1995-01-01' + interval '1' year group by n_name order by revenue desc;"
16,select sum(l_extendedprice * l_discount) as revenue from lineitem where l_shipdate >= date '1993-01-01' and l_shipdate < date '1993-01-01' + interval '1' year and l_discount between 0.03 - 0.01 and 0.03 + 0.01 and l_quantity < 24;
17,select sum(l_extendedprice * l_discount) as revenue from lineitem where l_shipdate >= date '1995-01-01' and l_shipdate < date '1995-01-01' + interval '1' year and l_discount between 0.03 - 0.01 and 0.03 + 0.01 and l_quantity < 24;
18,select sum(l_extendedprice * l_discount) as revenue from lineitem where l_shipdate >= date '1995-01-01' and l_shipdate < date '1995-01-01' + interval '1' year and l_discount between 0.09 - 0.01 and 0.09 + 0.01 and l_quantity < 24;
39,"select c_count, count(*) as custdist from ( select c_custkey, count(o_orderkey) from customer left outer join orders on c_custkey = o_custkey and o_comment not like '%express%deposits%' group by c_custkey ) as c_orders (c_custkey, c_count) group by c_count order by custdist desc, c_count desc;"
44,"select p_brand, p_type, p_size, count(distinct ps_suppkey) as supplier_cnt from partsupp, part where p_partkey = ps_partkey and p_brand <> 'Brand#43' and p_type not like 'MEDIUM BURNISHED%' and p_size in (48, 45, 42, 31, 44, 33, 50, 3) and ps_suppkey not in ( select s_suppkey from supplier where s_comment like '%Customer%Complaints%' ) group by p_brand, p_type, p_size order by supplier_cnt desc, p_brand, p_type, p_size;"
60,"select s_name, count(*) as numwait from supplier, lineitem l1, orders, nation where s_suppkey = l1.l_suppkey and o_orderkey = l1.l_orderkey and o_orderstatus = 'F' and l1.l_receiptdate > l1.l_commitdate and exists ( select * from lineitem l2 where l2.l_orderkey = l1.l_orderkey and l2.l_suppkey <> l1.l_suppkey ) and not exists ( select * from lineitem l3 where l3.l_orderkey = l1.l_orderkey and l3.l_suppkey <> l1.l_suppkey and l3.l_receiptdate > l3.l_commitdate ) and s_nationkey = n_nationkey and n_name = 'INDONESIA' group by s_name order by numwait desc, s_name limit 100;"
61,"select cntrycode, count(*) as numcust, sum(c_acctbal) as totacctbal from ( select substring(c_phone from 1 for 2) as cntrycode, c_acctbal from customer where substring(c_phone from 1 for 2) in ('17', '22', '12', '18', '34', '25', '16') and c_acctbal > ( select avg(c_acctbal) from customer where c_acctbal > 0.00 and substring(c_phone from 1 for 2) in ('17', '22', '12', '18', '34', '25', '16') ) and not exists ( select * from orders where o_custkey = c_custkey ) ) as custsale group by cntrycode order by cntrycode;"
62,"select cntrycode, count(*) as numcust, sum(c_acctbal) as totacctbal from ( select substring(c_phone from 1 for 2) as cntrycode, c_acctbal from customer where substring(c_phone from 1 for 2) in ('24', '31', '26', '34', '30', '22', '14') and c_acctbal > ( select avg(c_acctbal) from customer where c_acctbal > 0.00 and substring(c_phone from 1 for 2) in ('24', '31', '26', '34', '30', '22', '14') ) and not exists ( select * from orders where o_custkey = c_custkey ) ) as custsale group by cntrycode order by cntrycode;"
