id,rewritten_query
1,"select l_returnflag, l_linestatus, sum(l_quantity) as sum_qty, sum(l_extendedprice) as sum_base_price, sum(disc_price) as sum_disc_price, sum(disc_price * (1 + l_tax)) as sum_charge, avg(l_quantity) as avg_qty, avg(l_extendedprice) as avg_price, avg(l_discount) as avg_disc, count(*) as count_order from ( select l_returnflag, l_linestatus, l_quantity, l_extendedprice, l_discount, l_tax, l_extendedprice * (1 - l_discount) as disc_price from lineitem where l_shipdate <= date '1998-08-30' ) as base group by l_returnflag, l_linestatus order by l_returnflag, l_linestatus;"
2,"select l_returnflag, l_linestatus, sum(l_quantity) as sum_qty, sum(l_extendedprice) as sum_base_price, sum(l_extendedprice * (1 - l_discount)) as sum_disc_price, sum(l_extendedprice * (1 - l_discount) * (1 + l_tax)) as sum_charge, avg(l_quantity) as avg_qty, avg(l_extendedprice) as avg_price, avg(l_discount) as avg_disc, count(*) as count_order from lineitem where l_shipdate <= date '1998-09-25' group by l_returnflag, l_linestatus order by l_returnflag, l_linestatus;"
3,"select l_returnflag, l_linestatus, sum(l_quantity) as sum_qty, sum(l_extendedprice) as sum_base_price, sum(l_extendedprice * (1 - l_discount)) as sum_disc_price, sum(l_extendedprice * (1 - l_discount) * (1 + l_tax)) as sum_charge, avg(l_quantity) as avg_qty, avg(l_extendedprice) as avg_price, avg(l_discount) as avg_disc, count(*) as count_order from lineitem where l_shipdate <= date '1998-09-01' group by l_returnflag, l_linestatus order by l_returnflag, l_linestatus;"
4,"WITH filtered_parts AS ( SELECT p_partkey, p_mfgr FROM part WHERE p_size = 6 AND p_type LIKE '%NICKEL' ), europe_min_costs AS ( SELECT ps_partkey, MIN(ps_supplycost) AS min_supplycost FROM partsupp JOIN supplier ON supplier.s_suppkey = partsupp.ps_suppkey JOIN nation ON nation.n_nationkey = supplier.s_nationkey JOIN region ON region.r_regionkey = nation.n_regionkey JOIN filtered_parts ON filtered_parts.p_partkey = ps_partkey WHERE region.r_name = 'EUROPE' GROUP BY ps_partkey ) SELECT s_acctbal, s_name, n_name, p.p_partkey, p.p_mfgr, s_address, s_phone, s_comment FROM filtered_parts p JOIN partsupp ps ON p.p_partkey = ps.ps_partkey JOIN supplier s ON s.s_suppkey = ps.ps_suppkey JOIN nation n ON n.n_nationkey = s.s_nationkey JOIN region r ON r.r_regionkey = n.n_regionkey JOIN europe_min_costs emc ON p.p_partkey = emc.ps_partkey AND ps.ps_supplycost = emc.min_supplycost WHERE r.r_name = 'EUROPE' ORDER BY s_acctbal DESC, n_name, s_name, p.p_partkey LIMIT 100;"
5,"WITH filtered_parts AS ( SELECT p_partkey, p_mfgr, p_type, p_size FROM part WHERE p_size = 46 AND p_type LIKE '%NICKEL' ), min_supply_costs AS ( SELECT fp.p_partkey, MIN(ps_supplycost) AS min_cost FROM filtered_parts fp JOIN partsupp ON fp.p_partkey = ps_partkey JOIN supplier ON s_suppkey = ps_suppkey JOIN nation ON s_nationkey = n_nationkey JOIN region ON n_regionkey = r_regionkey WHERE r_name = 'ASIA' GROUP BY fp.p_partkey ) SELECT s_acctbal, s_name, n_name, fp.p_partkey, fp.p_mfgr, s_address, s_phone, s_comment FROM filtered_parts fp JOIN partsupp ON fp.p_partkey = ps_partkey JOIN supplier ON s_suppkey = ps_suppkey JOIN nation ON s_nationkey = n_nationkey JOIN region ON n_regionkey = r_regionkey JOIN min_supply_costs msc ON fp.p_partkey = msc.p_partkey WHERE r_name = 'ASIA' AND ps_supplycost = msc.min_cost ORDER BY s_acctbal DESC, n_name, s_name, fp.p_partkey LIMIT 100;"
6,"WITH filtered_part AS ( SELECT p_partkey, p_mfgr FROM part WHERE p_size = 3 AND p_type LIKE '%NICKEL' ), min_supply_cost AS ( SELECT partsupp.ps_partkey, MIN(partsupp.ps_supplycost) AS min_cost FROM partsupp JOIN filtered_part ON partsupp.ps_partkey = filtered_part.p_partkey JOIN supplier ON supplier.s_suppkey = partsupp.ps_suppkey JOIN nation ON supplier.s_nationkey = nation.n_nationkey JOIN region ON nation.n_regionkey = region.r_regionkey WHERE region.r_name = 'AMERICA' GROUP BY partsupp.ps_partkey ) SELECT s_acctbal, s_name, n_name, fp.p_partkey, fp.p_mfgr, s_address, s_phone, s_comment FROM filtered_part fp JOIN partsupp ON fp.p_partkey = partsupp.ps_partkey JOIN supplier ON supplier.s_suppkey = partsupp.ps_suppkey JOIN nation ON supplier.s_nationkey = nation.n_nationkey JOIN region ON nation.n_regionkey = region.r_regionkey JOIN min_supply_cost msc ON fp.p_partkey = msc.ps_partkey AND partsupp.ps_supplycost = msc.min_cost WHERE region.r_name = 'AMERICA' ORDER BY s_acctbal DESC, n_name, s_name, fp.p_partkey LIMIT 100;"
7,"WITH filtered_customers AS ( SELECT c_custkey FROM customer WHERE c_mktsegment = 'MACHINERY' ), filtered_orders AS ( SELECT o_orderkey, o_custkey, o_orderdate, o_shippriority FROM orders WHERE o_orderdate < DATE '1995-03-20' ), customer_orders AS ( SELECT o_orderkey, o_orderdate, o_shippriority FROM filtered_orders o JOIN filtered_customers c ON o.o_custkey = c.c_custkey ) SELECT l.l_orderkey, SUM(l.l_extendedprice * (1 - l.l_discount)) AS revenue, co.o_orderdate, co.o_shippriority FROM lineitem l JOIN customer_orders co ON l.l_orderkey = co.o_orderkey WHERE l.l_shipdate > DATE '1995-03-20' GROUP BY l.l_orderkey, co.o_orderdate, co.o_shippriority ORDER BY revenue DESC, co.o_orderdate LIMIT 10;"
8,"SELECT l.l_orderkey, SUM(l.l_extendedprice * (1 - l.l_discount)) AS revenue, o.o_orderdate, o.o_shippriority FROM customer c JOIN orders o ON c.c_custkey = o.o_custkey JOIN lineitem l ON o.o_orderkey = l.l_orderkey WHERE c.c_mktsegment = 'MACHINERY' AND o.o_orderdate < DATE '1995-03-14' AND l.l_shipdate > DATE '1995-03-14' GROUP BY l.l_orderkey, o.o_orderdate, o.o_shippriority ORDER BY revenue DESC, o.o_orderdate LIMIT 10;"
9,"SELECT l_orderkey, rev.revenue, o.o_orderdate, o.o_shippriority FROM customer c JOIN orders o ON c.c_custkey = o.o_custkey JOIN ( SELECT l_orderkey, SUM(l_extendedprice * (1 - l_discount)) AS revenue FROM lineitem WHERE l_shipdate > DATE '1995-03-08' GROUP BY l_orderkey ) rev ON rev.l_orderkey = o.o_orderkey WHERE c.c_mktsegment = 'BUILDING' AND o.o_orderdate < DATE '1995-03-08' ORDER BY revenue DESC, o.o_orderdate LIMIT 10;"
10,"SELECT o_orderpriority, COUNT(*) AS order_count FROM orders JOIN ( SELECT l_orderkey FROM lineitem WHERE l_commitdate < l_receiptdate GROUP BY l_orderkey ) AS bad_lineitems ON orders.o_orderkey = bad_lineitems.l_orderkey WHERE o_orderdate >= DATE '1996-01-01' AND o_orderdate < DATE '1996-01-01' + INTERVAL '3' MONTH GROUP BY o_orderpriority ORDER BY o_orderpriority;"
11,"select o_orderpriority, count(*) as order_count from orders where o_orderdate >= date '1995-01-01' and o_orderdate < date '1995-04-01' and exists ( select 1 from lineitem where l_orderkey = o_orderkey and l_commitdate < l_receiptdate ) group by o_orderpriority order by o_orderpriority;"
12,"select o_orderpriority, count(*) as order_count from orders where o_orderdate >= date '1994-02-01' and o_orderdate < date '1994-05-01' and exists ( select 1 from lineitem where l_orderkey = o_orderkey and l_commitdate < l_receiptdate ) group by o_orderpriority order by o_orderpriority;"
13,"WITH american_nations AS ( SELECT n_nationkey, n_name FROM nation JOIN region ON n_regionkey = r_regionkey WHERE r_name = 'AMERICA' ), filtered_orders AS ( SELECT o_orderkey, o_custkey FROM orders WHERE o_orderdate >= DATE '1993-01-01' AND o_orderdate < DATE '1994-01-01' ) SELECT n_name, SUM(l_extendedprice * (1 - l_discount)) AS revenue FROM filtered_orders JOIN customer ON o_custkey = c_custkey JOIN lineitem ON filtered_orders.o_orderkey = l_orderkey JOIN supplier ON l_suppkey = s_suppkey JOIN american_nations ON s_nationkey = n_nationkey WHERE c_nationkey = s_nationkey GROUP BY n_name ORDER BY revenue DESC;"
14,"WITH america_nations AS ( SELECT n_nationkey, n_name FROM nation JOIN region ON n_regionkey = r_regionkey WHERE r_name = 'AMERICA' ), filtered_orders AS ( SELECT o_orderkey, o_custkey FROM orders WHERE o_orderdate >= date '1995-01-01' AND o_orderdate < date '1996-01-01' ) SELECT an.n_name, SUM(l_extendedprice * (1 - l_discount)) as revenue FROM filtered_orders o JOIN customer c ON c.c_custkey = o.o_custkey JOIN lineitem l ON l.l_orderkey = o.o_orderkey JOIN supplier s ON l.l_suppkey = s.s_suppkey JOIN america_nations an ON s.s_nationkey = an.n_nationkey GROUP BY an.n_name ORDER BY revenue DESC;"
15,"WITH european_nations AS ( SELECT n_nationkey, n_name FROM nation JOIN region ON n_regionkey = r_regionkey WHERE r_name = 'EUROPE' ), filtered_orders AS ( SELECT o_orderkey, o_custkey FROM orders WHERE o_orderdate >= DATE '1995-01-01' AND o_orderdate < DATE '1995-01-01' + INTERVAL '1' YEAR ) SELECT n.n_name, SUM(l_extendedprice * (1 - l_discount)) AS revenue FROM filtered_orders o JOIN customer c ON o.o_custkey = c.c_custkey JOIN lineitem l ON o.o_orderkey = l.l_orderkey JOIN supplier s ON l.l_suppkey = s.s_suppkey AND c.c_nationkey = s.s_nationkey JOIN european_nations n ON s.s_nationkey = n.n_nationkey GROUP BY n.n_name ORDER BY revenue DESC;"
16,select sum(l_extendedprice * l_discount) as revenue from lineitem where l_shipdate >= date '1993-01-01' and l_shipdate < date '1994-01-01' and l_discount between 0.02 and 0.04 and l_quantity < 24;
17,select sum(l_extendedprice * l_discount) as revenue from lineitem where l_shipdate >= date '1995-01-01' and l_shipdate < date '1996-01-01' and l_discount between 0.02 and 0.04 and l_quantity < 24;
18,select sum(l_extendedprice * l_discount) as revenue from lineitem where l_shipdate >= date '1995-01-01' and l_shipdate < date '1996-01-01' and l_discount between 0.08 and 0.10 and l_quantity < 24;
19,"WITH supplier_nations AS ( SELECT s_suppkey, n_name AS supp_nation FROM supplier JOIN nation ON s_nationkey = n_nationkey WHERE n_name IN ('CANADA', 'CHINA') ), customer_nations AS ( SELECT c_custkey, n_name AS cust_nation FROM customer JOIN nation ON c_nationkey = n_nationkey WHERE n_name IN ('CANADA', 'CHINA') ) SELECT supp_nation, cust_nation, EXTRACT(YEAR FROM l_shipdate) AS l_year, SUM(l_extendedprice * (1 - l_discount)) AS revenue FROM lineitem JOIN supplier_nations ON supplier_nations.s_suppkey = l_suppkey JOIN orders ON o_orderkey = l_orderkey JOIN customer_nations ON customer_nations.c_custkey = o_custkey WHERE ((supp_nation = 'CANADA' AND cust_nation = 'CHINA') OR (supp_nation = 'CHINA' AND cust_nation = 'CANADA')) AND l_shipdate BETWEEN DATE '1995-01-01' AND DATE '1996-12-31' GROUP BY supp_nation, cust_nation, EXTRACT(YEAR FROM l_shipdate) ORDER BY supp_nation, cust_nation, l_year;"
20,"select supp_nation, cust_nation, l_year, sum(volume) as revenue from ( select n1.n_name as supp_nation, n2.n_name as cust_nation, extract(year from l_shipdate) as l_year, l_extendedprice * (1 - l_discount) as volume from supplier join nation n1 on supplier.s_nationkey = n1.n_nationkey join lineitem on supplier.s_suppkey = lineitem.l_suppkey join orders on lineitem.l_orderkey = orders.o_orderkey join customer on orders.o_custkey = customer.c_custkey join nation n2 on customer.c_nationkey = n2.n_nationkey where n1.n_name = 'ETHIOPIA' and n2.n_name = 'FRANCE' and l_shipdate between date '1995-01-01' and date '1996-12-31' union all select n1.n_name as supp_nation, n2.n_name as cust_nation, extract(year from l_shipdate) as l_year, l_extendedprice * (1 - l_discount) as volume from supplier join nation n1 on supplier.s_nationkey = n1.n_nationkey join lineitem on supplier.s_suppkey = lineitem.l_suppkey join orders on lineitem.l_orderkey = orders.o_orderkey join customer on orders.o_custkey = customer.c_custkey join nation n2 on customer.c_nationkey = n2.n_nationkey where n1.n_name = 'FRANCE' and n2.n_name = 'ETHIOPIA' and l_shipdate between date '1995-01-01' and date '1996-12-31' ) as shipping group by supp_nation, cust_nation, l_year order by supp_nation, cust_nation, l_year;"
21,"SELECT n1.n_name AS supp_nation, n2.n_name AS cust_nation, EXTRACT(YEAR FROM l_shipdate) AS l_year, SUM(l_extendedprice * (1 - l_discount)) AS revenue FROM lineitem JOIN supplier ON s_suppkey = l_suppkey JOIN orders ON o_orderkey = l_orderkey JOIN customer ON c_custkey = o_custkey JOIN nation n1 ON s_nationkey = n1.n_nationkey AND n1.n_name IN ('UNITED STATES', 'ALGERIA') JOIN nation n2 ON c_nationkey = n2.n_nationkey AND n2.n_name IN ('UNITED STATES', 'ALGERIA') WHERE l_shipdate BETWEEN DATE '1995-01-01' AND DATE '1996-12-31' AND ((n1.n_name = 'UNITED STATES' AND n2.n_name = 'ALGERIA') OR (n1.n_name = 'ALGERIA' AND n2.n_name = 'UNITED STATES')) GROUP BY supp_nation, cust_nation, l_year ORDER BY supp_nation, cust_nation, l_year;"
22,"WITH america_region AS ( SELECT r_regionkey FROM region WHERE r_name = 'AMERICA' ), america_nations AS ( SELECT n_nationkey, n_name FROM nation n1 JOIN america_region ON n1.n_regionkey = america_region.r_regionkey ), filtered_parts AS ( SELECT p_partkey FROM part WHERE p_type = 'ECONOMY PLATED STEEL' ), filtered_orders AS ( SELECT o_orderkey, o_custkey, EXTRACT(year FROM o_orderdate) AS o_year FROM orders WHERE o_orderdate BETWEEN DATE '1995-01-01' AND DATE '1996-12-31' ) SELECT o_year, SUM(CASE WHEN n2.n_name = 'CANADA' THEN l.l_extendedprice * (1 - l.l_discount) ELSE 0 END) / SUM(l.l_extendedprice * (1 - l.l_discount)) AS mkt_share FROM filtered_parts fp JOIN lineitem l ON fp.p_partkey = l.l_partkey JOIN supplier s ON s.s_suppkey = l.l_suppkey JOIN nation n2 ON s.s_nationkey = n2.n_nationkey JOIN filtered_orders fo ON l.l_orderkey = fo.o_orderkey JOIN customer c ON fo.o_custkey = c.c_custkey JOIN america_nations an ON c.c_nationkey = an.n_nationkey GROUP BY o_year ORDER BY o_year;"
23,"SELECT EXTRACT(YEAR FROM o_orderdate) AS o_year, SUM(CASE WHEN n2.n_name = 'FRANCE' THEN l_extendedprice * (1 - l_discount) ELSE 0 END) / SUM(l_extendedprice * (1 - l_discount)) AS mkt_share FROM region JOIN nation n1 ON n1.n_regionkey = region.r_regionkey JOIN customer ON customer.c_nationkey = n1.n_nationkey JOIN orders ON orders.o_custkey = customer.c_custkey JOIN lineitem ON lineitem.l_orderkey = orders.o_orderkey JOIN part ON part.p_partkey = lineitem.l_partkey JOIN supplier ON supplier.s_suppkey = lineitem.l_suppkey JOIN nation n2 ON supplier.s_nationkey = n2.n_nationkey WHERE region.r_name = 'EUROPE' AND part.p_type = 'SMALL ANODIZED TIN' AND orders.o_orderdate BETWEEN DATE '1995-01-01' AND DATE '1996-12-31' GROUP BY o_year ORDER BY o_year;"
24,"WITH african_customers AS ( SELECT c_custkey FROM customer JOIN nation n1 ON c_nationkey = n1.n_nationkey JOIN region ON n1.n_regionkey = r_regionkey WHERE r_name = 'AFRICA' ), filtered_orders AS ( SELECT o_orderkey, o_custkey, EXTRACT(year FROM o_orderdate) AS o_year FROM orders WHERE o_orderdate BETWEEN DATE '1995-01-01' AND DATE '1996-12-31' ), filtered_lineitems AS ( SELECT l_orderkey, l_extendedprice * (1 - l_discount) AS volume, s_nationkey FROM part JOIN lineitem ON p_partkey = l_partkey JOIN supplier ON s_suppkey = l_suppkey WHERE p_type = 'LARGE BURNISHED TIN' ), supplier_nations AS ( SELECT s_nationkey, n_name AS nation FROM supplier JOIN nation ON s_nationkey = n_nationkey ) SELECT o_year, SUM(CASE WHEN nation = 'ALGERIA' THEN volume ELSE 0 END) / SUM(volume) AS mkt_share FROM filtered_lineitems fl JOIN filtered_orders fo ON fl.l_orderkey = fo.o_orderkey JOIN african_customers ac ON fo.o_custkey = ac.c_custkey JOIN supplier_nations sn ON fl.s_nationkey = sn.s_nationkey GROUP BY o_year ORDER BY o_year;"
25,"WITH filtered_parts AS ( SELECT p_partkey FROM part WHERE p_name LIKE '%red%' ) SELECT n_name AS nation, EXTRACT(year FROM o_orderdate) AS o_year, SUM(l_extendedprice * (1 - l_discount) - ps_supplycost * l_quantity) AS sum_profit FROM filtered_parts JOIN lineitem ON filtered_parts.p_partkey = l_partkey JOIN partsupp ON ps_suppkey = l_suppkey AND ps_partkey = l_partkey JOIN orders ON o_orderkey = l_orderkey JOIN supplier ON s_suppkey = l_suppkey JOIN nation ON s_nationkey = n_nationkey GROUP BY n_name, EXTRACT(year FROM o_orderdate) ORDER BY n_name, o_year DESC;"
26,"SELECT n_name AS nation, EXTRACT(YEAR FROM o_orderdate) AS o_year, SUM(l_extendedprice * (1 - l_discount) - ps_supplycost * l_quantity) AS sum_profit FROM part JOIN lineitem ON part.p_partkey = lineitem.l_partkey JOIN partsupp ON lineitem.l_partkey = partsupp.ps_partkey AND lineitem.l_suppkey = partsupp.ps_suppkey JOIN supplier ON lineitem.l_suppkey = supplier.s_suppkey JOIN orders ON lineitem.l_orderkey = orders.o_orderkey JOIN nation ON supplier.s_nationkey = nation.n_nationkey WHERE part.p_name LIKE '%chocolate%' GROUP BY n_name, EXTRACT(YEAR FROM o_orderdate) ORDER BY nation, o_year DESC;"
27,"SELECT n_name AS nation, EXTRACT(YEAR FROM o_orderdate) AS o_year, SUM(l_extendedprice * (1 - l_discount) - ps_supplycost * l_quantity) AS sum_profit FROM part JOIN lineitem ON part.p_partkey = lineitem.l_partkey JOIN partsupp ON lineitem.l_partkey = partsupp.ps_partkey AND lineitem.l_suppkey = partsupp.ps_suppkey JOIN orders ON lineitem.l_orderkey = orders.o_orderkey JOIN supplier ON lineitem.l_suppkey = supplier.s_suppkey JOIN nation ON supplier.s_nationkey = nation.n_nationkey WHERE p_name LIKE '%medium%' GROUP BY n_name, EXTRACT(YEAR FROM o_orderdate) ORDER BY n_name, o_year DESC;"
29,"SELECT c_custkey, c_name, SUM(l_extendedprice * (1 - l_discount)) AS revenue, c_acctbal, n_name, c_address, c_phone, c_comment FROM customer INNER JOIN orders ON customer.c_custkey = orders.o_custkey INNER JOIN lineitem ON orders.o_orderkey = lineitem.l_orderkey INNER JOIN nation ON customer.c_nationkey = nation.n_nationkey WHERE orders.o_orderdate >= date '1993-11-01' AND orders.o_orderdate < date '1994-02-01' AND lineitem.l_returnflag = 'R' GROUP BY c_custkey, c_name, c_acctbal, c_phone, n_name, c_address, c_comment ORDER BY revenue DESC LIMIT 20;"
30,"SELECT c_custkey, c_name, revenue, c_acctbal, n_name, c_address, c_phone, c_comment FROM customer JOIN ( SELECT o_custkey, SUM(l_extendedprice * (1 - l_discount)) AS revenue FROM orders JOIN lineitem ON orders.o_orderkey = lineitem.l_orderkey WHERE orders.o_orderdate >= date '1993-09-01' AND orders.o_orderdate < date '1993-09-01' + interval '3' month AND lineitem.l_returnflag = 'R' GROUP BY orders.o_custkey ) AS cr ON customer.c_custkey = cr.o_custkey JOIN nation ON customer.c_nationkey = nation.n_nationkey ORDER BY revenue DESC LIMIT 20;"
31,"WITH romania_suppliers AS ( SELECT s_suppkey FROM supplier JOIN nation ON s_nationkey = n_nationkey WHERE n_name = 'ROMANIA' ), threshold AS ( SELECT sum(ps_supplycost * ps_availqty) * 0.0001000000 as threshold_value FROM partsupp JOIN romania_suppliers ON ps_suppkey = s_suppkey ) SELECT ps_partkey, sum(ps_supplycost * ps_availqty) as value FROM partsupp JOIN romania_suppliers ON ps_suppkey = s_suppkey GROUP BY ps_partkey HAVING sum(ps_supplycost * ps_availqty) > (SELECT threshold_value FROM threshold) ORDER BY value DESC;"
32,"WITH iran_supply AS ( SELECT ps_partkey, ps_supplycost * ps_availqty AS value_item FROM partsupp JOIN supplier ON ps_suppkey = s_suppkey JOIN nation ON s_nationkey = n_nationkey WHERE n_name = 'IRAN' ) SELECT ps_partkey, SUM(value_item) AS value FROM iran_supply GROUP BY ps_partkey HAVING SUM(value_item) > ( SELECT SUM(value_item) * 0.0001000000 FROM iran_supply ) ORDER BY value DESC;"
33,"WITH jordan_partsupp AS ( SELECT ps_partkey, ps_supplycost, ps_availqty FROM partsupp JOIN supplier ON ps_suppkey = s_suppkey JOIN nation ON s_nationkey = n_nationkey WHERE n_name = 'JORDAN' ), total_value AS ( SELECT SUM(ps_supplycost * ps_availqty) AS total FROM jordan_partsupp ) SELECT ps_partkey, SUM(ps_supplycost * ps_availqty) AS value FROM jordan_partsupp GROUP BY ps_partkey HAVING SUM(ps_supplycost * ps_availqty) > (SELECT total * 0.0001000000 FROM total_value) ORDER BY value DESC;"
34,"SELECT l.l_shipmode, SUM(CASE WHEN o.o_orderpriority = '1-URGENT' OR o.o_orderpriority = '2-HIGH' THEN 1 ELSE 0 END) AS high_line_count, SUM(CASE WHEN o.o_orderpriority <> '1-URGENT' AND o.o_orderpriority <> '2-HIGH' THEN 1 ELSE 0 END) AS low_line_count FROM orders o JOIN lineitem l ON o.o_orderkey = l.l_orderkey WHERE l.l_shipmode IN ('REG AIR', 'AIR') AND l.l_commitdate < l.l_receiptdate AND l.l_shipdate < l.l_commitdate AND l.l_receiptdate >= DATE '1995-01-01' AND l.l_receiptdate < DATE '1995-01-01' + INTERVAL '1' YEAR GROUP BY l.l_shipmode ORDER BY l.l_shipmode;"
35,"SELECT li.l_shipmode, COUNT(*) FILTER (WHERE o.o_orderpriority IN ('1-URGENT', '2-HIGH')) AS high_line_count, COUNT(*) FILTER (WHERE o.o_orderpriority NOT IN ('1-URGENT', '2-HIGH')) AS low_line_count FROM orders o JOIN lineitem li ON o.o_orderkey = li.l_orderkey WHERE li.l_shipmode IN ('TRUCK', 'SHIP') AND li.l_commitdate < li.l_receiptdate AND li.l_shipdate < li.l_commitdate AND li.l_receiptdate >= DATE '1993-01-01' AND li.l_receiptdate < DATE '1994-01-01' GROUP BY li.l_shipmode ORDER BY li.l_shipmode;"
36,"SELECT l_shipmode, SUM(CASE WHEN o_orderpriority IN ('1-URGENT', '2-HIGH') THEN 1 ELSE 0 END) AS high_line_count, SUM(CASE WHEN o_orderpriority NOT IN ('1-URGENT', '2-HIGH') THEN 1 ELSE 0 END) AS low_line_count FROM lineitem JOIN orders ON l_orderkey = o_orderkey WHERE l_shipmode IN ('REG AIR', 'FOB') AND l_commitdate < l_receiptdate AND l_shipdate < l_commitdate AND l_receiptdate >= DATE '1997-01-01' AND l_receiptdate < DATE '1998-01-01' GROUP BY l_shipmode ORDER BY l_shipmode;"
37,"WITH filtered_orders AS ( SELECT o_custkey, o_orderkey FROM orders WHERE o_comment NOT LIKE '%special%requests%' ), c_orders AS ( SELECT c_custkey, COUNT(o_orderkey) AS c_count FROM customer LEFT OUTER JOIN filtered_orders ON c_custkey = o_custkey GROUP BY c_custkey ) SELECT c_count, COUNT(*) AS custdist FROM c_orders GROUP BY c_count ORDER BY custdist DESC, c_count DESC;"
38,"WITH filtered_orders AS ( SELECT o_custkey, COUNT(o_orderkey) AS c_count FROM orders WHERE o_comment NOT LIKE '%unusual%deposits%' GROUP BY o_custkey ) SELECT COALESCE(fo.c_count, 0) AS c_count, COUNT(c.c_custkey) AS custdist FROM customer c LEFT JOIN filtered_orders fo ON c.c_custkey = fo.o_custkey GROUP BY c_count ORDER BY custdist DESC, c_count DESC;"
39,"with filtered_orders as ( select o_custkey, count(*) as o_count from orders where o_comment not like '%express%deposits%' group by o_custkey ) select COALESCE(filtered_orders.o_count, 0) as c_count, count(*) as custdist from customer left outer join filtered_orders on customer.c_custkey = filtered_orders.o_custkey group by COALESCE(filtered_orders.o_count, 0) order by custdist desc, c_count desc;"
40,SELECT 100.00 * SUM(CASE WHEN p_type LIKE 'PROMO%' THEN l_extendedprice * (1 - l_discount) ELSE 0 END) / SUM(l_extendedprice * (1 - l_discount)) AS promo_revenue FROM lineitem l JOIN part p ON l.l_partkey = p.p_partkey WHERE l.l_shipdate >= DATE '1995-05-01' AND l.l_shipdate < DATE '1995-06-01';
41,"SELECT 100.00 * SUM(CASE WHEN p_type LIKE 'PROMO%' THEN extended_discounted_price ELSE 0 END) / SUM(extended_discounted_price) AS promo_revenue FROM ( SELECT l_extendedprice * (1 - l_discount) AS extended_discounted_price, l_partkey FROM lineitem WHERE l_shipdate >= DATE '1997-10-01' AND l_shipdate < DATE '1997-11-01' ) AS lineitem_filtered JOIN part ON lineitem_filtered.l_partkey = part.p_partkey;"
42,select 100.00 * sum(case when p_type like 'PROMO%' then l_extendedprice * (1 - l_discount) else 0 end) / sum(l_extendedprice * (1 - l_discount)) as promo_revenue from lineitem inner join part on l_partkey = p_partkey where l_shipdate >= date '1997-03-01' and l_shipdate < date '1997-04-01';
43,"WITH bad_suppliers AS ( SELECT s_suppkey FROM supplier WHERE s_comment LIKE '%Customer%Complaints%' ) SELECT p.p_brand, p.p_type, p.p_size, COUNT(DISTINCT ps.ps_suppkey) AS supplier_cnt FROM part p JOIN partsupp ps ON p.p_partkey = ps.ps_partkey WHERE p.p_brand <> 'Brand#43' AND p.p_type NOT LIKE 'PROMO PLATED%' AND p.p_size IN (18, 8, 33, 17, 27, 6, 1, 50) AND NOT EXISTS ( SELECT 1 FROM bad_suppliers bs WHERE bs.s_suppkey = ps.ps_suppkey ) GROUP BY p.p_brand, p.p_type, p.p_size ORDER BY supplier_cnt DESC, p.p_brand, p.p_type, p.p_size;"
44,"SELECT p_brand, p_type, p_size, COUNT(DISTINCT partsupp.ps_suppkey) AS supplier_cnt FROM part INNER JOIN partsupp ON part.p_partkey = partsupp.ps_partkey LEFT JOIN supplier ON supplier.s_suppkey = partsupp.ps_suppkey AND supplier.s_comment LIKE '%Customer%Complaints%' WHERE part.p_brand <> 'Brand#43' AND part.p_type NOT LIKE 'MEDIUM BURNISHED%' AND part.p_size IN (48, 45, 42, 31, 44, 33, 50, 3) AND supplier.s_suppkey IS NULL GROUP BY part.p_brand, part.p_type, part.p_size ORDER BY supplier_cnt DESC, part.p_brand, part.p_type, part.p_size;"
45,"SELECT p_brand, p_type, p_size, COUNT(DISTINCT ps_suppkey) AS supplier_cnt FROM part JOIN partsupp ON part.p_partkey = partsupp.ps_partkey WHERE p_brand <> 'Brand#33' AND p_type NOT LIKE 'SMALL BRUSHED%' AND p_size IN (28, 8, 22, 14, 19, 44, 47, 45) AND ps_suppkey NOT IN ( SELECT s_suppkey FROM supplier WHERE s_comment LIKE '%Customer%Complaints%' ) GROUP BY p_brand, p_type, p_size ORDER BY supplier_cnt DESC, p_brand, p_type, p_size;"
46,"with filtered_parts as ( select p_partkey from part where p_brand = 'Brand#35' and p_container = 'LG PKG' ), part_avg as ( select l_partkey, 0.2 * avg(l_quantity) as avg_quantity from lineitem where l_partkey in (select p_partkey from filtered_parts) group by l_partkey ) select sum(l_extendedprice) / 7.0 as avg_yearly from lineitem join filtered_parts on lineitem.l_partkey = filtered_parts.p_partkey join part_avg on lineitem.l_partkey = part_avg.l_partkey where l_quantity < part_avg.avg_quantity;"
47,SELECT SUM(l.l_extendedprice) / 7.0 AS avg_yearly FROM part p JOIN lineitem l ON p.p_partkey = l.l_partkey WHERE p.p_brand = 'Brand#32' AND p.p_container = 'WRAP PKG' AND l.l_quantity < ( SELECT 0.2 * AVG(l_quantity) FROM lineitem WHERE l_partkey = p.p_partkey );
48,WITH filtered_parts AS ( SELECT p_partkey FROM part WHERE p_brand = 'Brand#32' AND p_container = 'MED PKG' ) SELECT SUM(l.l_extendedprice) / 7.0 AS avg_yearly FROM lineitem l JOIN filtered_parts p ON l.l_partkey = p.p_partkey WHERE l.l_quantity < ( SELECT 0.2 * AVG(l2.l_quantity) FROM lineitem l2 WHERE l2.l_partkey = p.p_partkey );
49,"WITH order_quantities AS ( SELECT l_orderkey, SUM(l_quantity) AS total_quantity FROM lineitem GROUP BY l_orderkey HAVING SUM(l_quantity) > 315 ) SELECT c_name, c_custkey, o_orderkey, o_orderdate, o_totalprice, SUM(l_quantity) FROM customer JOIN orders ON c_custkey = o_custkey JOIN lineitem ON o_orderkey = l_orderkey JOIN order_quantities oq ON o_orderkey = oq.l_orderkey GROUP BY c_name, c_custkey, o_orderkey, o_orderdate, o_totalprice ORDER BY o_totalprice DESC, o_orderdate LIMIT 100;"
50,"WITH heavy_orders AS ( SELECT l_orderkey, sum(l_quantity) as sum_l_quantity FROM lineitem GROUP BY l_orderkey HAVING sum(l_quantity) > 313 ) SELECT c_name, c_custkey, o_orderkey, o_orderdate, o_totalprice, ho.sum_l_quantity FROM customer JOIN orders ON c_custkey = o_custkey JOIN heavy_orders ho ON o_orderkey = ho.l_orderkey ORDER BY o_totalprice DESC, o_orderdate LIMIT 100;"
51,"WITH order_aggr AS ( SELECT l_orderkey, SUM(l_quantity) as total_quantity FROM lineitem GROUP BY l_orderkey HAVING SUM(l_quantity) > 313 ) SELECT c_name, c_custkey, o_orderkey, o_orderdate, o_totalprice, SUM(l_quantity) FROM customer JOIN orders ON customer.c_custkey = orders.o_custkey JOIN lineitem ON orders.o_orderkey = lineitem.l_orderkey WHERE orders.o_orderkey IN (SELECT l_orderkey FROM order_aggr) GROUP BY c_name, c_custkey, o_orderkey, o_orderdate, o_totalprice ORDER BY o_totalprice DESC, o_orderdate LIMIT 100;"
52,"SELECT SUM(revenue) AS revenue FROM ( SELECT l_extendedprice * (1 - l_discount) AS revenue FROM lineitem JOIN part ON p_partkey = l_partkey WHERE p_brand = 'Brand#21' AND p_container IN ('SM CASE', 'SM BOX', 'SM PACK', 'SM PKG') AND l_quantity BETWEEN 3 AND 13 AND p_size BETWEEN 1 AND 5 AND l_shipmode IN ('AIR', 'AIR REG') AND l_shipinstruct = 'DELIVER IN PERSON' UNION ALL SELECT l_extendedprice * (1 - l_discount) AS revenue FROM lineitem JOIN part ON p_partkey = l_partkey WHERE p_brand = 'Brand#42' AND p_container IN ('MED BAG', 'MED BOX', 'MED PKG', 'MED PACK') AND l_quantity BETWEEN 20 AND 30 AND p_size BETWEEN 1 AND 10 AND l_shipmode IN ('AIR', 'AIR REG') AND l_shipinstruct = 'DELIVER IN PERSON' UNION ALL SELECT l_extendedprice * (1 - l_discount) AS revenue FROM lineitem JOIN part ON p_partkey = l_partkey WHERE p_brand = 'Brand#31' AND p_container IN ('LG CASE', 'LG BOX', 'LG PACK', 'LG PKG') AND l_quantity BETWEEN 25 AND 35 AND p_size BETWEEN 1 AND 15 AND l_shipmode IN ('AIR', 'AIR REG') AND l_shipinstruct = 'DELIVER IN PERSON' ) AS revenue_data;"
53,"WITH lineitem_filtered AS ( SELECT l_extendedprice, l_discount, l_partkey, l_quantity FROM lineitem WHERE l_shipmode IN ('AIR', 'AIR REG') AND l_shipinstruct = 'DELIVER IN PERSON' ) SELECT SUM(l_extendedprice * (1 - l_discount)) AS revenue FROM ( SELECT l_extendedprice, l_discount FROM lineitem_filtered l JOIN part p ON p.p_partkey = l.l_partkey WHERE p_brand = 'Brand#55' AND p_container IN ('SM CASE', 'SM BOX', 'SM PACK', 'SM PKG') AND l_quantity BETWEEN 10 AND 20 AND p_size BETWEEN 1 AND 5 UNION ALL SELECT l_extendedprice, l_discount FROM lineitem_filtered l JOIN part p ON p.p_partkey = l.l_partkey WHERE p_brand = 'Brand#53' AND p_container IN ('MED BAG', 'MED BOX', 'MED PKG', 'MED PACK') AND l_quantity BETWEEN 18 AND 28 AND p_size BETWEEN 1 AND 10 UNION ALL SELECT l_extendedprice, l_discount FROM lineitem_filtered l JOIN part p ON p.p_partkey = l.l_partkey WHERE p_brand = 'Brand#54' AND p_container IN ('LG CASE', 'LG BOX', 'LG PACK', 'LG PKG') AND l_quantity BETWEEN 24 AND 34 AND p_size BETWEEN 1 AND 15 ) AS combined;"
54,"SELECT SUM(l_extendedprice * (1 - l_discount)) AS revenue FROM ( SELECT l_extendedprice, l_discount FROM lineitem JOIN part ON lineitem.l_partkey = part.p_partkey WHERE part.p_brand = 'Brand#31' AND part.p_container IN ('SM CASE', 'SM BOX', 'SM PACK', 'SM PKG') AND lineitem.l_quantity BETWEEN 10 AND 20 AND part.p_size BETWEEN 1 AND 5 AND lineitem.l_shipmode IN ('AIR', 'AIR REG') AND lineitem.l_shipinstruct = 'DELIVER IN PERSON' UNION ALL SELECT l_extendedprice, l_discount FROM lineitem JOIN part ON lineitem.l_partkey = part.p_partkey WHERE part.p_brand = 'Brand#22' AND part.p_container IN ('MED BAG', 'MED BOX', 'MED PKG', 'MED PACK') AND lineitem.l_quantity BETWEEN 19 AND 29 AND part.p_size BETWEEN 1 AND 10 AND lineitem.l_shipmode IN ('AIR', 'AIR REG') AND lineitem.l_shipinstruct = 'DELIVER IN PERSON' UNION ALL SELECT l_extendedprice, l_discount FROM lineitem JOIN part ON lineitem.l_partkey = part.p_partkey WHERE part.p_brand = 'Brand#25' AND part.p_container IN ('LG CASE', 'LG BOX', 'LG PACK', 'LG PKG') AND lineitem.l_quantity BETWEEN 27 AND 37 AND part.p_size BETWEEN 1 AND 15 AND lineitem.l_shipmode IN ('AIR', 'AIR REG') AND lineitem.l_shipinstruct = 'DELIVER IN PERSON' ) AS combined;"
55,"WITH yearly_supply AS ( SELECT l_partkey, l_suppkey, 0.5 * SUM(l_quantity) AS half_yearly_quantity FROM lineitem WHERE l_shipdate >= DATE '1996-01-01' AND l_shipdate < DATE '1996-01-01' + interval '1' year GROUP BY l_partkey, l_suppkey ), filtered_parts AS ( SELECT p_partkey FROM part WHERE p_name LIKE 'burnished%' ) SELECT s_name, s_address FROM supplier s JOIN nation n ON s.s_nationkey = n.n_nationkey AND n.n_name = 'GERMANY' WHERE s.s_suppkey IN ( SELECT ps.ps_suppkey FROM partsupp ps JOIN filtered_parts p ON ps.ps_partkey = p.p_partkey JOIN yearly_supply ys ON ps.ps_partkey = ys.l_partkey AND ps.ps_suppkey = ys.l_suppkey WHERE ps.ps_availqty > ys.half_yearly_quantity ) ORDER BY s_name;"
57,"WITH filtered_nation AS ( SELECT n_nationkey FROM nation WHERE n_name = 'ETHIOPIA' ), filtered_part AS ( SELECT p_partkey FROM part WHERE p_name LIKE 'burlywood%' ) SELECT s_name, s_address FROM supplier s JOIN filtered_nation fn ON s.s_nationkey = fn.n_nationkey JOIN partsupp ps ON s.s_suppkey = ps.ps_suppkey JOIN filtered_part fp ON ps.ps_partkey = fp.p_partkey WHERE ps.ps_availqty > ( SELECT 0.5 * SUM(l_quantity) FROM lineitem WHERE l_partkey = ps.ps_partkey AND l_suppkey = ps.ps_suppkey AND l_shipdate >= DATE '1994-01-01' AND l_shipdate < DATE '1995-01-01' ) ORDER BY s_name;"
58,"SELECT s_name, COUNT(*) AS numwait FROM supplier JOIN nation ON supplier.s_nationkey = nation.n_nationkey JOIN lineitem l1 ON supplier.s_suppkey = l1.l_suppkey JOIN orders ON l1.l_orderkey = orders.o_orderkey AND orders.o_orderstatus = 'F' WHERE nation.n_name = 'MOZAMBIQUE' AND l1.l_receiptdate > l1.l_commitdate AND EXISTS ( SELECT 1 FROM lineitem l2 WHERE l2.l_orderkey = l1.l_orderkey AND l2.l_suppkey <> l1.l_suppkey ) AND NOT EXISTS ( SELECT 1 FROM lineitem l3 WHERE l3.l_orderkey = l1.l_orderkey AND l3.l_suppkey <> l1.l_suppkey AND l3.l_receiptdate > l3.l_commitdate ) GROUP BY s_name ORDER BY numwait DESC, s_name LIMIT 100;"
59,"WITH saudi_suppliers AS ( SELECT s_suppkey, s_name FROM supplier JOIN nation ON s_nationkey = n_nationkey WHERE n_name = 'SAUDI ARABIA' ), filtered_orders AS ( SELECT o_orderkey FROM orders WHERE o_orderstatus = 'F' ), delayed_lineitem AS ( SELECT l_orderkey, l_suppkey FROM lineitem WHERE l_receiptdate > l_commitdate ) SELECT s.s_name, COUNT(*) AS numwait FROM saudi_suppliers s JOIN delayed_lineitem l1 ON s.s_suppkey = l1.l_suppkey JOIN filtered_orders o ON o.o_orderkey = l1.l_orderkey WHERE EXISTS ( SELECT 1 FROM lineitem l2 WHERE l2.l_orderkey = l1.l_orderkey AND l2.l_suppkey <> l1.l_suppkey ) AND NOT EXISTS ( SELECT 1 FROM lineitem l3 WHERE l3.l_orderkey = l1.l_orderkey AND l3.l_suppkey <> l1.l_suppkey AND l3.l_receiptdate > l3.l_commitdate ) GROUP BY s.s_name ORDER BY numwait DESC, s.s_name LIMIT 100;"
60,"WITH late_lineitems AS ( SELECT l_orderkey, l_suppkey FROM lineitem WHERE l_receiptdate > l_commitdate ), indonesia_suppliers AS ( SELECT s_suppkey, s_name FROM supplier JOIN nation ON s_nationkey = n_nationkey WHERE n_name = 'INDONESIA' ) SELECT s.s_name, COUNT(*) AS numwait FROM late_lineitems l1 JOIN orders ON l1.l_orderkey = o_orderkey JOIN indonesia_suppliers s ON l1.l_suppkey = s.s_suppkey WHERE o_orderstatus = 'F' AND EXISTS ( SELECT 1 FROM lineitem l2 WHERE l2.l_orderkey = l1.l_orderkey AND l2.l_suppkey <> l1.l_suppkey ) AND NOT EXISTS ( SELECT 1 FROM late_lineitems l3 WHERE l3.l_orderkey = l1.l_orderkey AND l3.l_suppkey <> l1.l_suppkey ) GROUP BY s.s_name ORDER BY numwait DESC, s.s_name LIMIT 100;"
61,"WITH filtered_customers AS ( SELECT c_custkey, substring(c_phone FROM 1 FOR 2) AS cntrycode, c_acctbal FROM customer WHERE substring(c_phone FROM 1 FOR 2) IN ('17', '22', '12', '18', '34', '25', '16') AND c_acctbal > ( SELECT AVG(c_acctbal) FROM customer WHERE c_acctbal > 0.00 AND substring(c_phone FROM 1 FOR 2) IN ('17', '22', '12', '18', '34', '25', '16') ) ) SELECT cntrycode, COUNT(*) AS numcust, SUM(c_acctbal) AS totacctbal FROM filtered_customers fc WHERE NOT EXISTS ( SELECT 1 FROM orders WHERE o_custkey = fc.c_custkey ) GROUP BY cntrycode ORDER BY cntrycode;"
62,"WITH filtered_customers AS ( SELECT c_custkey, substring(c_phone from 1 for 2) AS cntrycode, c_acctbal FROM customer WHERE substring(c_phone from 1 for 2) IN ('24','31','26','34','30','22','14') AND c_acctbal > 0.00 ), avg_balance AS ( SELECT AVG(c_acctbal) AS avg_val FROM filtered_customers ) SELECT cntrycode, COUNT(*) AS numcust, SUM(c_acctbal) AS totacctbal FROM filtered_customers fc WHERE fc.c_acctbal > (SELECT avg_val FROM avg_balance) AND NOT EXISTS (SELECT 1 FROM orders WHERE o_custkey = fc.c_custkey) GROUP BY cntrycode ORDER BY cntrycode;"
63,"WITH filtered_customer AS ( SELECT c_custkey, c_phone, c_acctbal, substring(c_phone from 1 for 2) AS cntrycode FROM customer WHERE substring(c_phone from 1 for 2) IN ('15', '18', '31', '33', '32', '28', '16') ), avg_balance AS ( SELECT AVG(c_acctbal) AS avg_val FROM filtered_customer WHERE c_acctbal > 0.00 ) SELECT cntrycode, count(*) AS numcust, sum(c_acctbal) AS totacctbal FROM filtered_customer c WHERE c_acctbal > (SELECT avg_val FROM avg_balance) AND NOT EXISTS ( SELECT 1 FROM orders WHERE o_custkey = c.c_custkey ) GROUP BY cntrycode ORDER BY cntrycode;"
